-- phpMyAdmin SQL Dump
-- version 5.0.2
-- https://www.phpmyadmin.net/
--
-- Servidor: 127.0.0.1
-- Tiempo de generación: 26-03-2011 a las 05:43:58
-- Versión del servidor: 10.4.13-MariaDB
-- Versión de PHP: 7.4.8

SET SQL_MODE = "NO_AUTO_VALUE_ON_ZERO";
START TRANSACTION;
SET time_zone = "+00:00";


/*!40101 SET @OLD_CHARACTER_SET_CLIENT=@@CHARACTER_SET_CLIENT */;
/*!40101 SET @OLD_CHARACTER_SET_RESULTS=@@CHARACTER_SET_RESULTS */;
/*!40101 SET @OLD_COLLATION_CONNECTION=@@COLLATION_CONNECTION */;
/*!40101 SET NAMES utf8mb4 */;

--
-- Base de datos: `grupo_horizontes`
--

-- --------------------------------------------------------

--
-- Estructura de tabla para la tabla `activo_fijo`
--

CREATE TABLE `activo_fijo` (
  `id` int(11) NOT NULL,
  `id_unidad_id` int(11) NOT NULL,
  `id_grupo_activo_id` int(11) NOT NULL,
  `id_proveedor_id` int(11) NOT NULL,
  `id_tipo_documento_activo_id` int(11) DEFAULT NULL,
  `id_cuenta_deprecia_id` int(11) NOT NULL,
  `id_elemento_gasto_id` int(11) NOT NULL,
  `nro_inventario` varchar(255) COLLATE utf8mb4_unicode_ci NOT NULL,
  `importe` double NOT NULL,
  `descripcion` varchar(255) COLLATE utf8mb4_unicode_ci NOT NULL,
  `fecha` date NOT NULL,
  `activo` tinyint(1) NOT NULL,
  `nro_cuenta_deprecia` varchar(255) COLLATE utf8mb4_unicode_ci NOT NULL,
  `baja` tinyint(1) DEFAULT NULL,
  `fecha_baja` date DEFAULT NULL,
  `motivo_baja` varchar(255) COLLATE utf8mb4_unicode_ci DEFAULT NULL
) ENGINE=InnoDB DEFAULT CHARSET=utf8mb4 COLLATE=utf8mb4_unicode_ci;

-- --------------------------------------------------------

--
-- Estructura de tabla para la tabla `activo_fijo_movimiento_activo_fijo`
--

CREATE TABLE `activo_fijo_movimiento_activo_fijo` (
  `id` int(11) NOT NULL,
  `id_activo_fijo_id` int(11) NOT NULL,
  `id_movimiento_activo_fijo_id` int(11) NOT NULL
) ENGINE=InnoDB DEFAULT CHARSET=utf8mb4 COLLATE=utf8mb4_unicode_ci;

-- --------------------------------------------------------

--
-- Estructura de tabla para la tabla `ajuste`
--

CREATE TABLE `ajuste` (
  `id` int(11) NOT NULL,
  `id_documento_id` int(11) NOT NULL,
  `nro_cuenta_inventario` varchar(255) COLLATE utf8mb4_unicode_ci NOT NULL,
  `observacion` varchar(255) COLLATE utf8mb4_unicode_ci NOT NULL,
  `nro_subcuenta_inventario` varchar(255) COLLATE utf8mb4_unicode_ci NOT NULL,
  `nro_cuenta_acreedora` varchar(255) COLLATE utf8mb4_unicode_ci NOT NULL,
  `nro_concecutivo` varchar(255) COLLATE utf8mb4_unicode_ci NOT NULL,
  `anno` int(11) NOT NULL,
  `activo` tinyint(1) NOT NULL,
  `entrada` tinyint(1) NOT NULL,
  `nro_subcuenta_acreedora` varchar(255) COLLATE utf8mb4_unicode_ci NOT NULL
) ENGINE=InnoDB DEFAULT CHARSET=utf8mb4 COLLATE=utf8mb4_unicode_ci;

-- --------------------------------------------------------

--
-- Estructura de tabla para la tabla `almacen`
--

CREATE TABLE `almacen` (
  `id` int(11) NOT NULL,
  `id_unidad_id` int(11) NOT NULL,
  `descripcion` varchar(255) COLLATE utf8mb4_unicode_ci NOT NULL,
  `activo` tinyint(1) NOT NULL
) ENGINE=InnoDB DEFAULT CHARSET=utf8mb4 COLLATE=utf8mb4_unicode_ci;

--
-- Volcado de datos para la tabla `almacen`
--

INSERT INTO `almacen` (`id`, `id_unidad_id`, `descripcion`, `activo`) VALUES
(1, 1, 'Almacen 1', 1);

-- --------------------------------------------------------

--
-- Estructura de tabla para la tabla `almacen_ocupado`
--

CREATE TABLE `almacen_ocupado` (
  `id` int(11) NOT NULL,
  `id_almacen_id` int(11) NOT NULL,
  `id_usuario_id` int(11) NOT NULL
) ENGINE=InnoDB DEFAULT CHARSET=utf8mb4 COLLATE=utf8mb4_unicode_ci;

--
-- Volcado de datos para la tabla `almacen_ocupado`
--

INSERT INTO `almacen_ocupado` (`id`, `id_almacen_id`, `id_usuario_id`) VALUES
(16, 1, 1);

-- --------------------------------------------------------

--
-- Estructura de tabla para la tabla `cargo`
--

CREATE TABLE `cargo` (
  `id` int(11) NOT NULL,
  `nombre` varchar(255) COLLATE utf8mb4_unicode_ci NOT NULL,
  `salario_base` double NOT NULL,
  `activo` tinyint(1) NOT NULL
) ENGINE=InnoDB DEFAULT CHARSET=utf8mb4 COLLATE=utf8mb4_unicode_ci;

--
-- Volcado de datos para la tabla `cargo`
--

INSERT INTO `cargo` (`id`, `nombre`, `salario_base`, `activo`) VALUES
(1, 'Administrador del Sistema', 1000, 1);

-- --------------------------------------------------------

--
-- Estructura de tabla para la tabla `carrito`
--

CREATE TABLE `carrito` (
  `id` int(11) NOT NULL,
  `json` varchar(1500) COLLATE utf8mb4_unicode_ci NOT NULL,
  `empleado` varchar(255) COLLATE utf8mb4_unicode_ci NOT NULL
) ENGINE=InnoDB DEFAULT CHARSET=utf8mb4 COLLATE=utf8mb4_unicode_ci;

-- --------------------------------------------------------

--
-- Estructura de tabla para la tabla `centro_costo`
--

CREATE TABLE `centro_costo` (
  `id` int(11) NOT NULL,
  `id_unidad_id` int(11) NOT NULL,
  `activo` tinyint(1) NOT NULL,
  `codigo` varchar(255) COLLATE utf8mb4_unicode_ci NOT NULL,
  `nombre` varchar(255) COLLATE utf8mb4_unicode_ci NOT NULL
) ENGINE=InnoDB DEFAULT CHARSET=utf8mb4 COLLATE=utf8mb4_unicode_ci;

--
-- Volcado de datos para la tabla `centro_costo`
--

INSERT INTO `centro_costo` (`id`, `id_unidad_id`, `activo`, `codigo`, `nombre`) VALUES
(1, 1, 1, '01', 'Recargas'),
(2, 1, 1, '02', 'Combo de Aseo'),
(3, 1, 1, '03', 'Combo de Medicina'),
(4, 1, 1, '04', 'Combo de Comida'),
(5, 1, 1, '05', 'Articulos de Ferreteria');

-- --------------------------------------------------------

--
-- Estructura de tabla para la tabla `cierre_diario`
--

CREATE TABLE `cierre_diario` (
  `id` int(11) NOT NULL,
  `id_almacen_id` int(11) NOT NULL,
  `id_usuario_id` int(11) NOT NULL,
  `fecha_cerrado` date NOT NULL,
  `fecha_cerrado_real` datetime NOT NULL
) ENGINE=InnoDB DEFAULT CHARSET=utf8mb4 COLLATE=utf8mb4_unicode_ci;

-- --------------------------------------------------------

--
-- Estructura de tabla para la tabla `cliente`
--

CREATE TABLE `cliente` (
  `id` int(11) NOT NULL,
  `nombre` varchar(255) COLLATE utf8mb4_unicode_ci NOT NULL,
  `apellidos` varchar(255) COLLATE utf8mb4_unicode_ci DEFAULT NULL,
  `correo` varchar(255) COLLATE utf8mb4_unicode_ci DEFAULT NULL,
  `direccion` varchar(255) COLLATE utf8mb4_unicode_ci DEFAULT NULL,
  `token` varchar(255) COLLATE utf8mb4_unicode_ci DEFAULT NULL,
  `fecha` date DEFAULT NULL,
  `usuario` int(11) DEFAULT NULL,
  `comentario` varchar(255) COLLATE utf8mb4_unicode_ci DEFAULT NULL,
  `telefono` varchar(255) COLLATE utf8mb4_unicode_ci NOT NULL
) ENGINE=InnoDB DEFAULT CHARSET=utf8mb4 COLLATE=utf8mb4_unicode_ci;

-- --------------------------------------------------------

--
-- Estructura de tabla para la tabla `cliente_beneficiario`
--

CREATE TABLE `cliente_beneficiario` (
  `id` int(11) NOT NULL,
  `id_cliente` varchar(255) COLLATE utf8mb4_unicode_ci NOT NULL,
  `primer_nombre` varchar(255) COLLATE utf8mb4_unicode_ci NOT NULL,
  `telefono_casa` varchar(255) COLLATE utf8mb4_unicode_ci DEFAULT NULL,
  `primer_apellido` varchar(255) COLLATE utf8mb4_unicode_ci NOT NULL,
  `segundo_apellido` varchar(255) COLLATE utf8mb4_unicode_ci DEFAULT NULL,
  `alternativo_nombre` varchar(255) COLLATE utf8mb4_unicode_ci DEFAULT NULL,
  `alternativo_apellido` varchar(255) COLLATE utf8mb4_unicode_ci DEFAULT NULL,
  `alternativo_segundo_apellido` varchar(255) COLLATE utf8mb4_unicode_ci DEFAULT NULL,
  `telefono` varchar(255) COLLATE utf8mb4_unicode_ci NOT NULL,
  `identificacion` varchar(255) COLLATE utf8mb4_unicode_ci DEFAULT NULL,
  `calle` varchar(255) COLLATE utf8mb4_unicode_ci NOT NULL,
  `no` varchar(255) COLLATE utf8mb4_unicode_ci NOT NULL,
  `entre` varchar(255) COLLATE utf8mb4_unicode_ci DEFAULT NULL,
  `y` varchar(255) COLLATE utf8mb4_unicode_ci DEFAULT NULL,
  `apto` varchar(255) COLLATE utf8mb4_unicode_ci DEFAULT NULL,
  `edificio` varchar(255) COLLATE utf8mb4_unicode_ci DEFAULT NULL,
  `reparto` varchar(255) COLLATE utf8mb4_unicode_ci DEFAULT NULL,
  `provincia` varchar(255) COLLATE utf8mb4_unicode_ci DEFAULT NULL,
  `municipio` varchar(255) COLLATE utf8mb4_unicode_ci DEFAULT NULL
) ENGINE=InnoDB DEFAULT CHARSET=utf8mb4 COLLATE=utf8mb4_unicode_ci;

-- --------------------------------------------------------

--
-- Estructura de tabla para la tabla `cliente_reporte`
--

CREATE TABLE `cliente_reporte` (
  `id` int(11) NOT NULL,
  `user` varchar(255) COLLATE utf8mb4_unicode_ci NOT NULL,
  `fecha` datetime NOT NULL,
  `id_cliente` varchar(255) COLLATE utf8mb4_unicode_ci NOT NULL,
  `bram` varchar(255) COLLATE utf8mb4_unicode_ci NOT NULL,
  `last4` varchar(255) COLLATE utf8mb4_unicode_ci NOT NULL,
  `monto` varchar(255) COLLATE utf8mb4_unicode_ci NOT NULL,
  `comercio` varchar(255) COLLATE utf8mb4_unicode_ci NOT NULL,
  `estado` varchar(255) COLLATE utf8mb4_unicode_ci NOT NULL,
  `auth` varchar(255) COLLATE utf8mb4_unicode_ci NOT NULL,
  `efectivo` varchar(255) COLLATE utf8mb4_unicode_ci DEFAULT NULL
) ENGINE=InnoDB DEFAULT CHARSET=utf8mb4 COLLATE=utf8mb4_unicode_ci;

-- --------------------------------------------------------

--
-- Estructura de tabla para la tabla `configuracion_inicial`
--

CREATE TABLE `configuracion_inicial` (
  `id` int(11) NOT NULL,
  `id_modulo_id` int(11) NOT NULL,
  `id_tipo_documento_id` int(11) NOT NULL,
  `deudora` tinyint(1) NOT NULL,
  `activo` tinyint(1) NOT NULL,
  `str_cuentas` varchar(255) COLLATE utf8mb4_unicode_ci NOT NULL,
  `str_subcuentas` varchar(255) COLLATE utf8mb4_unicode_ci NOT NULL,
  `str_elemento_gasto` varchar(255) COLLATE utf8mb4_unicode_ci NOT NULL,
  `str_cuentas_contrapartida` varchar(255) COLLATE utf8mb4_unicode_ci NOT NULL,
  `str_subcuentas_contrapartida` varchar(255) COLLATE utf8mb4_unicode_ci DEFAULT NULL
) ENGINE=InnoDB DEFAULT CHARSET=utf8mb4 COLLATE=utf8mb4_unicode_ci;

-- --------------------------------------------------------

--
-- Estructura de tabla para la tabla `criterio_analisis`
--

CREATE TABLE `criterio_analisis` (
  `id` int(11) NOT NULL,
  `nombre` varchar(255) COLLATE utf8mb4_unicode_ci NOT NULL,
  `abreviatura` varchar(255) COLLATE utf8mb4_unicode_ci NOT NULL,
  `activo` tinyint(1) NOT NULL
) ENGINE=InnoDB DEFAULT CHARSET=utf8mb4 COLLATE=utf8mb4_unicode_ci;

--
-- Volcado de datos para la tabla `criterio_analisis`
--

INSERT INTO `criterio_analisis` (`id`, `nombre`, `abreviatura`, `activo`) VALUES
(1, 'ALMACéN', 'ALM', 1),
(2, 'UNIDADES', 'UNID', 1),
(3, 'CENTROS DE COSTO', 'CCT', 1),
(4, 'OBJETOS DE OBRAS', 'OBO', 1),
(5, 'ELEMENTOS DE GASTOS', 'EG', 1),
(6, 'CLIENTES Y PROVEEDORES', 'CLIPRO', 1),
(7, 'TARJETAS MAGNETICAS', 'TM', 1),
(8, 'TRABAJADORES', 'TRAB', 1),
(9, 'PROYECTOS', 'PRO', 1),
(10, 'ORDEN DE TRABAJO', 'OT', 1),
(11, 'EXPEDIENTE', 'EXP', 1),
(12, 'AREAS DE RESPONSABILIDAD', 'AR', 1),
(13, 'GRUPOS DE ACTIVOS FIJOS', 'GA', 1),
(14, 'CREDITOS  BANCARIOS', 'CRB', 1),
(15, 'ACCIONISTAS', 'ACC', 1),
(16, 'CUENTAS DE INGRESOS', 'ING', 1),
(17, 'CUENTAS DE GASTOS', 'GAT', 1);

-- --------------------------------------------------------

--
-- Estructura de tabla para la tabla `cuenta`
--

CREATE TABLE `cuenta` (
  `id` int(11) NOT NULL,
  `id_tipo_cuenta_id` int(11) NOT NULL,
  `nro_cuenta` int(11) NOT NULL,
  `nombre` varchar(255) COLLATE utf8mb4_unicode_ci NOT NULL,
  `deudora` tinyint(1) NOT NULL,
  `obligacion_deudora` tinyint(1) NOT NULL,
  `obligacion_acreedora` tinyint(1) NOT NULL,
  `activo` tinyint(1) NOT NULL,
  `produccion` tinyint(1) NOT NULL,
  `mixta` tinyint(1) NOT NULL
) ENGINE=InnoDB DEFAULT CHARSET=utf8mb4 COLLATE=utf8mb4_unicode_ci;

--
-- Volcado de datos para la tabla `cuenta`
--

INSERT INTO `cuenta` (`id`, `id_tipo_cuenta_id`, `nro_cuenta`, `nombre`, `deudora`, `obligacion_deudora`, `obligacion_acreedora`, `activo`, `produccion`, `mixta`) VALUES
(1, 1, 103, 'Efectivo en Caja', 1, 0, 0, 1, 0, 0),
(2, 1, 109, 'Efectivo en Banco', 1, 0, 0, 1, 0, 0),
(3, 1, 131, 'Efectos por Cobrar a Corto Plazo', 1, 1, 0, 1, 0, 0),
(4, 1, 134, 'Cuenta en Participacion', 1, 1, 0, 1, 0, 0),
(5, 1, 142, 'Prestamos y Otras Operaciones Crediticias', 1, 0, 0, 1, 0, 0),
(6, 1, 146, 'Pagos Anticipados a Suministradores', 1, 0, 0, 1, 0, 0),
(7, 1, 160, 'Anticipos a Justificar', 1, 0, 0, 1, 0, 0),
(8, 1, 135, 'Cuentas por Cobrar', 1, 1, 0, 1, 0, 0),
(9, 1, 164, 'Adeudos con el  Estado', 1, 0, 0, 1, 0, 0),
(10, 1, 183, 'Materias Primas y Materiales', 1, 0, 0, 1, 0, 0),
(11, 1, 184, 'Combustible  Lubricantes', 1, 0, 0, 1, 0, 0),
(12, 1, 185, 'Partes  y  Piezas de  Repuesto', 1, 0, 0, 1, 0, 0),
(13, 1, 187, 'Utiles y Herramientas', 1, 0, 0, 1, 0, 0),
(14, 1, 188, 'Produccion Terminada', 1, 0, 0, 1, 0, 0),
(15, 1, 189, 'Mercancias para la Venta', 1, 0, 0, 1, 0, 0),
(16, 1, 190, 'Medicamentos', 1, 0, 0, 1, 0, 0),
(17, 1, 193, 'Alimentos', 1, 0, 0, 1, 0, 0),
(18, 2, 216, 'Efectos por Cobrar a Largo Plazo', 1, 1, 0, 1, 0, 0),
(19, 2, 220, 'Cuentas por Cobrar a Largo Plazo', 1, 1, 0, 1, 0, 0),
(20, 2, 225, 'Prestamos Concedidos a Largo Plazo', 1, 1, 0, 1, 0, 0),
(21, 2, 227, 'Inversiones a Largo Plazo', 1, 0, 0, 1, 0, 0),
(22, 3, 240, 'Activos Fijos', 1, 0, 0, 1, 0, 0),
(23, 3, 255, 'Activos Fijos Intangibles', 1, 0, 0, 1, 0, 0),
(24, 3, 265, 'Inversiones en Proceso', 1, 0, 0, 1, 0, 0),
(25, 3, 290, 'Compra de Activos Fijos', 1, 1, 0, 1, 0, 0),
(26, 3, 292, 'Compra de Activos Fijos Intangibles', 1, 1, 0, 1, 0, 0),
(27, 4, 300, 'Gastos de Produccion y Servicios Diferidos', 1, 0, 0, 1, 0, 0),
(28, 4, 306, 'Gastos Financieros Diferidos', 1, 0, 0, 1, 0, 0),
(29, 5, 330, 'Perdida en Investigacion', 1, 0, 0, 1, 0, 0),
(30, 5, 332, 'Faltantes de Bienes', 1, 0, 0, 1, 0, 0),
(31, 2, 335, 'Cuentas por Cobrar Diversas', 1, 1, 0, 1, 0, 0),
(32, 6, 373, 'Desgaste de Utiles y Herramientas', 0, 0, 0, 1, 0, 0),
(33, 6, 375, 'Depreciacion de Activos Fijos Tangibles', 0, 0, 0, 1, 0, 0),
(34, 6, 390, 'Amortizacion de Activos Fijos Intangibles', 0, 0, 0, 1, 0, 0),
(35, 7, 401, 'Efectos por pagar a Corto Plazo', 0, 0, 1, 1, 0, 0),
(36, 7, 405, 'Cuentas por pagar a Corto Plazo', 0, 0, 1, 1, 0, 0),
(37, 7, 421, 'Cuentas por Pagar - Activos Fijos', 0, 0, 1, 1, 0, 0),
(38, 7, 425, 'Cuentas por Pagar del Proceso Inversionista', 0, 0, 1, 1, 0, 0),
(39, 7, 430, 'Cobros Anticipados', 0, 0, 1, 1, 0, 0),
(40, 7, 435, 'Depositos Recibidos', 0, 0, 1, 1, 0, 0),
(41, 7, 440, 'Obligacion con el Estado', 0, 0, 1, 1, 0, 0),
(42, 7, 455, 'Nominas por Pagar', 0, 0, 0, 1, 0, 0),
(43, 7, 470, 'Prestamos Recibidos', 0, 0, 1, 1, 0, 0),
(44, 7, 492, 'Provision para Vacaciones', 0, 0, 0, 1, 0, 0),
(45, 8, 510, 'Efectos por pagar a largo plazo', 0, 0, 1, 1, 0, 0),
(46, 8, 515, 'Cuentas por Pagar a Largo Plazo', 0, 0, 1, 1, 0, 0),
(47, 8, 520, 'Prestamos Recibidos a Largo Plazo', 0, 0, 1, 1, 0, 0),
(48, 8, 540, 'Bonos por Pagar', 0, 0, 1, 1, 0, 0),
(49, 9, 545, 'Ingresos Diferidos', 0, 0, 0, 1, 0, 0),
(50, 10, 555, 'Sobrantes en Investigacion', 0, 0, 0, 1, 0, 0),
(51, 10, 565, 'Cuentas por Pagar Diversas', 0, 0, 0, 1, 0, 0),
(52, 10, 569, 'Cuentas por Pagar Compra de Monedas', 0, 0, 0, 1, 0, 0),
(53, 10, 570, 'Ingresos de Periodos Futuros', 0, 0, 0, 1, 0, 0),
(54, 11, 600, 'Patrimonio', 0, 0, 0, 1, 0, 0),
(55, 11, 605, 'Acciones por Emitir', 1, 0, 0, 1, 0, 0),
(56, 11, 608, 'Acciones Suscritas', 0, 0, 0, 1, 0, 0),
(57, 11, 615, 'Revalorizacion de Activos Fijos Tangibles', 1, 0, 0, 1, 0, 0),
(58, 11, 620, 'Donaciones Recibidas', 0, 0, 0, 1, 0, 0),
(59, 11, 630, 'Utilidades Retenidas', 0, 0, 0, 1, 0, 0),
(60, 11, 640, 'Perdidas', 1, 0, 0, 1, 0, 0),
(61, 11, 696, 'Operaciones entre Dependencias Activos', 1, 0, 0, 1, 0, 0),
(62, 11, 697, 'Operaciones entre Dependencia Pasivo', 0, 0, 0, 1, 0, 0),
(63, 12, 700, 'Producciones en Proceso', 1, 0, 0, 1, 0, 0),
(64, 12, 730, 'Reparaciones Capitales con Medios Propios', 1, 0, 0, 1, 0, 0),
(65, 13, 800, 'Devoluciones en Ventas', 1, 0, 0, 1, 0, 0),
(66, 13, 806, 'Impuestos por las Ventas', 1, 0, 0, 1, 0, 0),
(67, 2, 810, 'Costo de Ventas de Produccion', 1, 0, 0, 1, 0, 0),
(68, 13, 815, 'Costo de Ventas de Mercancias', 1, 0, 0, 1, 0, 0),
(69, 2, 823, 'Gastos de Administracion', 1, 0, 0, 1, 0, 0),
(70, 2, 819, 'Gastos de Distribucion y Ventas', 1, 0, 0, 1, 0, 0),
(71, 13, 839, 'Gastos por Perdidas en Tasas de Cambio', 1, 0, 0, 1, 0, 0),
(72, 13, 845, 'Gastos por Perdidas', 1, 0, 0, 1, 0, 0),
(73, 13, 850, 'Gastos por Faltantes', 1, 0, 0, 1, 0, 0),
(74, 13, 855, 'Otros Impuestos y Contribuciones', 1, 0, 0, 1, 0, 0),
(75, 14, 901, 'Ventas de Mercancias', 0, 0, 0, 1, 0, 0),
(76, 14, 900, 'Ventas de Produccion', 0, 0, 0, 1, 0, 0),
(77, 14, 920, 'Ingresos Financieros', 0, 0, 0, 1, 0, 0),
(78, 14, 924, 'Ingresos por Variacion de Tasas de Cambio', 0, 0, 0, 1, 0, 0),
(79, 14, 930, 'Ingresos por Sobrantes de Bienes', 0, 0, 0, 1, 0, 0),
(80, 14, 950, 'Otros Ingresos', 0, 0, 0, 1, 0, 0),
(81, 14, 953, 'Ingresos por Donaciones Recibidas', 0, 0, 0, 1, 0, 0);

-- --------------------------------------------------------

--
-- Estructura de tabla para la tabla `cuenta_criterio_analisis`
--

CREATE TABLE `cuenta_criterio_analisis` (
  `id` int(11) NOT NULL,
  `id_cuenta_id` int(11) NOT NULL,
  `id_criterio_analisis_id` int(11) NOT NULL
) ENGINE=InnoDB DEFAULT CHARSET=utf8mb4 COLLATE=utf8mb4_unicode_ci;

--
-- Volcado de datos para la tabla `cuenta_criterio_analisis`
--

INSERT INTO `cuenta_criterio_analisis` (`id`, `id_cuenta_id`, `id_criterio_analisis_id`) VALUES
(10, 3, 6),
(11, 5, 14),
(13, 6, 6),
(14, 4, 15),
(15, 7, 8),
(16, 8, 6),
(18, 10, 1),
(19, 11, 1),
(21, 13, 1),
(23, 12, 1),
(26, 14, 1),
(28, 16, 1),
(29, 17, 1),
(30, 18, 6),
(31, 19, 6),
(32, 20, 6),
(33, 21, 4),
(34, 22, 12),
(35, 22, 13),
(36, 23, 2),
(37, 24, 4),
(38, 25, 6),
(39, 26, 6),
(43, 35, 6),
(48, 38, 6),
(51, 36, 6),
(52, 37, 6),
(54, 39, 6),
(55, 40, 6),
(57, 43, 6),
(58, 44, 8),
(59, 45, 6),
(60, 46, 6),
(65, 48, 6),
(66, 50, 11),
(67, 51, 6),
(68, 52, 6),
(69, 55, 15),
(74, 15, 1),
(75, 69, 3),
(76, 69, 5),
(77, 69, 17),
(79, 27, 5),
(80, 28, 11),
(81, 29, 11),
(82, 30, 11),
(83, 31, 6),
(84, 31, 8),
(85, 56, 15),
(90, 65, 17),
(94, 63, 3),
(95, 63, 5),
(96, 64, 4),
(97, 64, 5),
(98, 66, 17),
(100, 68, 17),
(101, 71, 17),
(102, 72, 17),
(103, 73, 17),
(104, 74, 17),
(109, 75, 16),
(110, 77, 16),
(111, 78, 16),
(112, 79, 16),
(113, 80, 16),
(114, 81, 16),
(115, 76, 3),
(116, 76, 16),
(120, 67, 3),
(121, 67, 17),
(122, 70, 3),
(123, 70, 5),
(124, 70, 17),
(125, 61, 1),
(126, 61, 2),
(127, 62, 1),
(128, 62, 2);

-- --------------------------------------------------------

--
-- Estructura de tabla para la tabla `custom_user`
--

CREATE TABLE `custom_user` (
  `id` int(11) NOT NULL,
  `id_user_id` int(11) NOT NULL,
  `nombre_completo` varchar(255) COLLATE utf8mb4_unicode_ci NOT NULL,
  `correo` varchar(255) COLLATE utf8mb4_unicode_ci DEFAULT NULL
) ENGINE=InnoDB DEFAULT CHARSET=utf8mb4 COLLATE=utf8mb4_unicode_ci;

-- --------------------------------------------------------

--
-- Estructura de tabla para la tabla `depreciacion`
--

CREATE TABLE `depreciacion` (
  `id` int(11) NOT NULL,
  `id_activo_fijo_id` int(11) NOT NULL,
  `fecha` date NOT NULL,
  `anno` int(11) NOT NULL,
  `mes` int(11) NOT NULL,
  `importe_depreciacion` double NOT NULL
) ENGINE=InnoDB DEFAULT CHARSET=utf8mb4 COLLATE=utf8mb4_unicode_ci;

-- --------------------------------------------------------

--
-- Estructura de tabla para la tabla `doctrine_migration_versions`
--

CREATE TABLE `doctrine_migration_versions` (
  `version` varchar(191) COLLATE utf8_unicode_ci NOT NULL,
  `executed_at` datetime DEFAULT NULL,
  `execution_time` int(11) DEFAULT NULL
) ENGINE=InnoDB DEFAULT CHARSET=utf8 COLLATE=utf8_unicode_ci;

--
-- Volcado de datos para la tabla `doctrine_migration_versions`
--

INSERT INTO `doctrine_migration_versions` (`version`, `executed_at`, `execution_time`) VALUES
('DoctrineMigrations\\Version20110321021030', '2011-03-21 03:11:45', 3343),
('DoctrineMigrations\\Version20110321204845', '2011-03-21 21:49:38', 1555),
('DoctrineMigrations\\Version20110324022145', '2011-03-24 03:22:34', 1466),
('DoctrineMigrations\\Version20200912214659', '2020-09-12 23:47:50', 127497);

-- --------------------------------------------------------

--
-- Estructura de tabla para la tabla `documento`
--

CREATE TABLE `documento` (
  `id` int(11) NOT NULL,
  `id_almacen_id` int(11) NOT NULL,
  `id_unidad_id` int(11) NOT NULL,
  `id_moneda_id` int(11) NOT NULL,
  `importe_total` double NOT NULL,
  `fecha` date NOT NULL,
  `activo` tinyint(1) NOT NULL
) ENGINE=InnoDB DEFAULT CHARSET=utf8mb4 COLLATE=utf8mb4_unicode_ci;

--
-- Volcado de datos para la tabla `documento`
--

INSERT INTO `documento` (`id`, `id_almacen_id`, `id_unidad_id`, `id_moneda_id`, `importe_total`, `fecha`, `activo`) VALUES
(4, 1, 1, 1, 1024.57, '2011-03-24', 1),
(5, 1, 1, 1, 25227.37, '2011-03-24', 1),
(6, 1, 1, 1, 16001.73, '2011-03-24', 1),
(9, 1, 1, 1, 906.128, '2011-03-24', 1);

-- --------------------------------------------------------

--
-- Estructura de tabla para la tabla `elemento_gasto`
--

CREATE TABLE `elemento_gasto` (
  `id` int(11) NOT NULL,
  `codigo` varchar(255) COLLATE utf8mb4_unicode_ci NOT NULL,
  `descripcion` varchar(255) COLLATE utf8mb4_unicode_ci NOT NULL,
  `activo` tinyint(1) NOT NULL
) ENGINE=InnoDB DEFAULT CHARSET=utf8mb4 COLLATE=utf8mb4_unicode_ci;

--
-- Volcado de datos para la tabla `elemento_gasto`
--

INSERT INTO `elemento_gasto` (`id`, `codigo`, `descripcion`, `activo`) VALUES
(1, '1001', 'Materiales de Oficina', 1),
(2, '1002', 'Materiales y Productos de Aseo', 1),
(3, '1003', 'Alimentos', 1),
(4, '1004', 'Materiales de Limpieza', 1),
(5, '1005', 'Desgaste de Utiles y Herramientas', 1),
(6, '1006', 'Piezas de Repuestos', 1),
(7, '1007', 'Otros Materiales', 1),
(8, '3001', 'Gasolina', 1),
(9, '3002', 'Diesel', 1),
(10, '3003', 'Grasas y Lubricantes', 1),
(11, '3004', 'Otros Combustibles', 1),
(12, '4001', 'Energia Electrica', 1),
(13, '5001', 'Salario', 1),
(14, '5002', 'Seguridad Social', 1),
(15, '5003', 'Vacaciones', 1),
(16, '6001', 'Impuestos Utilizacion Fuerza de Trabajo', 1),
(17, '7001', 'Depreciacion de Activos Fijos', 1),
(18, '7002', 'Amortizacion de Gastos Diferidos', 1),
(19, '8001', 'Servicios de Reparacion y Mantenimiento', 1),
(20, '8002', 'Servicios de Comunicaciones', 1),
(21, '8003', 'Servicios de Transportacion', 1),
(22, '8004', 'Viaticos', 1),
(23, '8005', 'Otros Servicios', 1),
(24, 'Traspasos de Gastos Indirectos', '9000', 1);

-- --------------------------------------------------------

--
-- Estructura de tabla para la tabla `empleado`
--

CREATE TABLE `empleado` (
  `id` int(11) NOT NULL,
  `id_unidad_id` int(11) NOT NULL,
  `id_cargo_id` int(11) DEFAULT NULL,
  `id_usuario_id` int(11) DEFAULT NULL,
  `nombre` varchar(255) COLLATE utf8mb4_unicode_ci NOT NULL,
  `correo` varchar(255) COLLATE utf8mb4_unicode_ci DEFAULT NULL,
  `salario_x_hora` double DEFAULT NULL,
  `fecha_alta` date DEFAULT NULL,
  `baja` tinyint(1) NOT NULL,
  `fecha_baja` date DEFAULT NULL,
  `direccion_particular` varchar(255) COLLATE utf8mb4_unicode_ci DEFAULT NULL,
  `telefono` varchar(255) COLLATE utf8mb4_unicode_ci DEFAULT NULL,
  `acumulado_tiempo_vacaciones` double DEFAULT NULL,
  `acumulado_dinero_vacaciones` double DEFAULT NULL,
  `rol` varchar(255) COLLATE utf8mb4_unicode_ci DEFAULT NULL,
  `activo` tinyint(1) NOT NULL
) ENGINE=InnoDB DEFAULT CHARSET=utf8mb4 COLLATE=utf8mb4_unicode_ci;

--
-- Volcado de datos para la tabla `empleado`
--

INSERT INTO `empleado` (`id`, `id_unidad_id`, `id_cargo_id`, `id_usuario_id`, `nombre`, `correo`, `salario_x_hora`, `fecha_alta`, `baja`, `fecha_baja`, `direccion_particular`, `telefono`, `acumulado_tiempo_vacaciones`, `acumulado_dinero_vacaciones`, `rol`, `activo`) VALUES
(1, 1, 1, 1, 'root', 'admin@solyag.com', 100, '2020-10-28', 0, NULL, 'Calle A', '555555555', NULL, NULL, 'ROLE_ADMIN', 1);

-- --------------------------------------------------------

--
-- Estructura de tabla para la tabla `grupo_activos`
--

CREATE TABLE `grupo_activos` (
  `id` int(11) NOT NULL,
  `id_cuenta_id` int(11) NOT NULL,
  `id_subcuenta_id` int(11) DEFAULT NULL,
  `porciento_deprecia_anno` double NOT NULL,
  `descripcion` varchar(255) COLLATE utf8mb4_unicode_ci NOT NULL,
  `activo` tinyint(1) NOT NULL
) ENGINE=InnoDB DEFAULT CHARSET=utf8mb4 COLLATE=utf8mb4_unicode_ci;

-- --------------------------------------------------------

--
-- Estructura de tabla para la tabla `informe_recepcion`
--

CREATE TABLE `informe_recepcion` (
  `id` int(11) NOT NULL,
  `id_documento_id` int(11) NOT NULL,
  `id_proveedor_id` int(11) DEFAULT NULL,
  `nro_cuenta_inventario` varchar(255) COLLATE utf8mb4_unicode_ci NOT NULL,
  `nro_subcuenta_inventario` varchar(255) COLLATE utf8mb4_unicode_ci NOT NULL,
  `nro_cuenta_acreedora` varchar(255) COLLATE utf8mb4_unicode_ci NOT NULL,
  `nro_subcuenta_acreedora` varchar(255) COLLATE utf8mb4_unicode_ci NOT NULL,
  `nro_concecutivo` varchar(255) COLLATE utf8mb4_unicode_ci NOT NULL,
  `anno` int(11) NOT NULL,
  `codigo_factura` varchar(255) COLLATE utf8mb4_unicode_ci DEFAULT NULL,
  `fecha_factura` date DEFAULT NULL,
  `activo` tinyint(1) NOT NULL,
  `producto` tinyint(1) DEFAULT NULL
) ENGINE=InnoDB DEFAULT CHARSET=utf8mb4 COLLATE=utf8mb4_unicode_ci;

--
-- Volcado de datos para la tabla `informe_recepcion`
--

INSERT INTO `informe_recepcion` (`id`, `id_documento_id`, `id_proveedor_id`, `nro_cuenta_inventario`, `nro_subcuenta_inventario`, `nro_cuenta_acreedora`, `nro_subcuenta_acreedora`, `nro_concecutivo`, `anno`, `codigo_factura`, `fecha_factura`, `activo`, `producto`) VALUES
(4, 4, 1, '189', '0020', '405', '2015', '1', 2011, '01', '2011-03-01', 1, 0),
(5, 5, 2, '189', '0010', '405', '0020', '2', 2011, '02', '2011-03-01', 1, 0),
(6, 6, 2, '189', '0030', '405', '0020', '3', 2011, '03', '2011-03-01', 1, 0);

-- --------------------------------------------------------

--
-- Estructura de tabla para la tabla `instrumento_cobro`
--

CREATE TABLE `instrumento_cobro` (
  `id` int(11) NOT NULL,
  `nombre` varchar(255) COLLATE utf8mb4_unicode_ci NOT NULL,
  `activo` tinyint(1) NOT NULL
) ENGINE=InnoDB DEFAULT CHARSET=utf8mb4 COLLATE=utf8mb4_unicode_ci;

-- --------------------------------------------------------

--
-- Estructura de tabla para la tabla `mercancia`
--

CREATE TABLE `mercancia` (
  `id` int(11) NOT NULL,
  `id_amlacen_id` int(11) NOT NULL,
  `id_unidad_medida_id` int(11) NOT NULL,
  `codigo` varchar(255) COLLATE utf8mb4_unicode_ci NOT NULL,
  `cuenta` varchar(255) COLLATE utf8mb4_unicode_ci NOT NULL,
  `descripcion` varchar(255) COLLATE utf8mb4_unicode_ci NOT NULL,
  `existencia` double NOT NULL,
  `importe` double NOT NULL,
  `activo` tinyint(1) NOT NULL
) ENGINE=InnoDB DEFAULT CHARSET=utf8mb4 COLLATE=utf8mb4_unicode_ci;

--
-- Volcado de datos para la tabla `mercancia`
--

INSERT INTO `mercancia` (`id`, `id_amlacen_id`, `id_unidad_medida_id`, `codigo`, `cuenta`, `descripcion`, `existencia`, `importe`, `activo`) VALUES
(7, 1, 5, '367203054488', '189 - Mercancias para la Venta', 'Detergenta', 112, 118.442, 1),
(8, 1, 13, '8639001', '189 - Mercancias para la Venta', 'Jabón', 0, 0, 0),
(9, 1, 13, '201703351', '189 - Mercancias para la Venta', 'Recarga', 1052039, 25227.37, 1),
(10, 1, 8, '001-40', '189 - Mercancias para la Venta', 'Jamón', 7500, 5381, 1),
(11, 1, 10, '2020240-2', '189 - Mercancias para la Venta', 'Aceite', 120844, 1256.95, 1),
(12, 1, 8, '200055', '189 - Mercancias para la Venta', 'Arroz', 6743, 9363.78, 1);

-- --------------------------------------------------------

--
-- Estructura de tabla para la tabla `mercancia_producto`
--

CREATE TABLE `mercancia_producto` (
  `id` int(11) NOT NULL,
  `id_mercancia_id` int(11) NOT NULL,
  `id_producto_id` int(11) NOT NULL
) ENGINE=InnoDB DEFAULT CHARSET=utf8mb4 COLLATE=utf8mb4_unicode_ci;

-- --------------------------------------------------------

--
-- Estructura de tabla para la tabla `modulo`
--

CREATE TABLE `modulo` (
  `id` int(11) NOT NULL,
  `nombre` varchar(255) COLLATE utf8mb4_unicode_ci NOT NULL,
  `activo` tinyint(1) NOT NULL
) ENGINE=InnoDB DEFAULT CHARSET=utf8mb4 COLLATE=utf8mb4_unicode_ci;

-- --------------------------------------------------------

--
-- Estructura de tabla para la tabla `moneda`
--

CREATE TABLE `moneda` (
  `id` int(11) NOT NULL,
  `nombre` varchar(255) COLLATE utf8mb4_unicode_ci NOT NULL,
  `activo` tinyint(1) NOT NULL
) ENGINE=InnoDB DEFAULT CHARSET=utf8mb4 COLLATE=utf8mb4_unicode_ci;

--
-- Volcado de datos para la tabla `moneda`
--

INSERT INTO `moneda` (`id`, `nombre`, `activo`) VALUES
(1, 'DOLARES', 1),
(2, 'EURO', 1);

-- --------------------------------------------------------

--
-- Estructura de tabla para la tabla `movimiento`
--

CREATE TABLE `movimiento` (
  `id` int(11) NOT NULL,
  `id_tipo_documento_activo_fijo_id` int(11) NOT NULL,
  `id_tipo_movimiento_id` int(11) NOT NULL,
  `id_unidad_origen_id` int(11) NOT NULL,
  `id_unidad_destino_id` int(11) NOT NULL,
  `fecha` date NOT NULL,
  `activo` tinyint(1) NOT NULL
) ENGINE=InnoDB DEFAULT CHARSET=utf8mb4 COLLATE=utf8mb4_unicode_ci;

-- --------------------------------------------------------

--
-- Estructura de tabla para la tabla `movimiento_mercancia`
--

CREATE TABLE `movimiento_mercancia` (
  `id` int(11) NOT NULL,
  `id_mercancia_id` int(11) NOT NULL,
  `id_documento_id` int(11) NOT NULL,
  `id_tipo_documento_id` int(11) NOT NULL,
  `id_usuario_id` int(11) DEFAULT NULL,
  `id_centro_costo_id` int(11) DEFAULT NULL,
  `id_elemento_gasto_id` int(11) DEFAULT NULL,
  `cantidad` double NOT NULL,
  `importe` double NOT NULL,
  `existencia` double NOT NULL,
  `fecha` date NOT NULL,
  `activo` tinyint(1) NOT NULL,
  `entrada` tinyint(1) NOT NULL
) ENGINE=InnoDB DEFAULT CHARSET=utf8mb4 COLLATE=utf8mb4_unicode_ci;

--
-- Volcado de datos para la tabla `movimiento_mercancia`
--

INSERT INTO `movimiento_mercancia` (`id`, `id_mercancia_id`, `id_documento_id`, `id_tipo_documento_id`, `id_usuario_id`, `id_centro_costo_id`, `id_elemento_gasto_id`, `cantidad`, `importe`, `existencia`, `fecha`, `activo`, `entrada`) VALUES
(7, 7, 4, 1, 1, NULL, NULL, 133, 140.66, 133, '2011-03-24', 1, 1),
(8, 8, 4, 1, 1, NULL, NULL, 37100, 883.91, 37100, '2011-03-24', 1, 1),
(9, 9, 5, 1, 1, NULL, NULL, 1052039, 25227.37, 1052039, '2011-03-24', 1, 1),
(10, 10, 6, 1, 1, NULL, NULL, 7500, 5381, 7500, '2011-03-24', 1, 1),
(11, 11, 6, 1, 1, NULL, NULL, 120844, 1256.95, 120844, '2011-03-24', 1, 1),
(12, 12, 6, 1, 1, NULL, NULL, 6743, 9363.78, 6743, '2011-03-24', 1, 1),
(13, 7, 9, 7, 1, 1, 2, 21, 22.218, 112, '2011-03-24', 1, 0),
(14, 8, 9, 7, 1, 1, 2, 37100, 883.91, 0, '2011-03-24', 1, 0);

-- --------------------------------------------------------

--
-- Estructura de tabla para la tabla `movimiento_producto`
--

CREATE TABLE `movimiento_producto` (
  `id` int(11) NOT NULL,
  `id_producto_id` int(11) NOT NULL,
  `id_documento_id` int(11) NOT NULL,
  `id_tipo_documento_id` int(11) NOT NULL,
  `id_usuario_id` int(11) DEFAULT NULL,
  `id_centro_costo_id` int(11) DEFAULT NULL,
  `id_elemento_gasto_id` int(11) DEFAULT NULL,
  `cantidad` double NOT NULL,
  `importe` double NOT NULL,
  `existencia` double NOT NULL,
  `fecha` date NOT NULL,
  `activo` tinyint(1) NOT NULL,
  `entrada` tinyint(1) NOT NULL
) ENGINE=InnoDB DEFAULT CHARSET=utf8mb4 COLLATE=utf8mb4_unicode_ci;

-- --------------------------------------------------------

--
-- Estructura de tabla para la tabla `municipios`
--

CREATE TABLE `municipios` (
  `id` int(11) NOT NULL,
  `code` varchar(255) COLLATE utf8mb4_unicode_ci NOT NULL,
  `nombre` varchar(255) COLLATE utf8mb4_unicode_ci NOT NULL
) ENGINE=InnoDB DEFAULT CHARSET=utf8mb4 COLLATE=utf8mb4_unicode_ci;

-- --------------------------------------------------------

--
-- Estructura de tabla para la tabla `obligacion_pago`
--

CREATE TABLE `obligacion_pago` (
  `id` int(11) NOT NULL,
  `id_proveedor_id` int(11) NOT NULL,
  `id_documento_id` int(11) NOT NULL,
  `id_unidad_id` int(11) NOT NULL,
  `nro_cuenta` varchar(255) COLLATE utf8mb4_unicode_ci NOT NULL,
  `nro_subcuenta` varchar(255) COLLATE utf8mb4_unicode_ci NOT NULL,
  `valor_pagado` double DEFAULT NULL,
  `resto` double NOT NULL,
  `liquidado` tinyint(1) NOT NULL,
  `activo` tinyint(1) NOT NULL,
  `codigo_factura` varchar(255) COLLATE utf8mb4_unicode_ci NOT NULL,
  `fecha_factura` date NOT NULL
) ENGINE=InnoDB DEFAULT CHARSET=utf8mb4 COLLATE=utf8mb4_unicode_ci;

-- --------------------------------------------------------

--
-- Estructura de tabla para la tabla `producto`
--

CREATE TABLE `producto` (
  `id` int(11) NOT NULL,
  `id_amlacen_id` int(11) NOT NULL,
  `id_unidad_medida_id` int(11) NOT NULL,
  `codigo` varchar(255) COLLATE utf8mb4_unicode_ci NOT NULL,
  `cuenta` varchar(255) COLLATE utf8mb4_unicode_ci NOT NULL,
  `descripcion` varchar(255) COLLATE utf8mb4_unicode_ci NOT NULL,
  `existencia` double NOT NULL,
  `importe` double NOT NULL,
  `activo` tinyint(1) NOT NULL
) ENGINE=InnoDB DEFAULT CHARSET=utf8mb4 COLLATE=utf8mb4_unicode_ci;

-- --------------------------------------------------------

--
-- Estructura de tabla para la tabla `proveedor`
--

CREATE TABLE `proveedor` (
  `id` int(11) NOT NULL,
  `nombre` varchar(255) COLLATE utf8mb4_unicode_ci NOT NULL,
  `codigo` varchar(255) COLLATE utf8mb4_unicode_ci NOT NULL,
  `activo` tinyint(1) DEFAULT NULL
) ENGINE=InnoDB DEFAULT CHARSET=utf8mb4 COLLATE=utf8mb4_unicode_ci;

--
-- Volcado de datos para la tabla `proveedor`
--

INSERT INTO `proveedor` (`id`, `nombre`, `codigo`, `activo`) VALUES
(1, 'Combinado Lacteo', '2015', 1),
(2, 'Almacenes de Alimentos', '0020', 1),
(3, 'Empresa porcina', '123652', 1);

-- --------------------------------------------------------

--
-- Estructura de tabla para la tabla `provincias`
--

CREATE TABLE `provincias` (
  `id` int(11) NOT NULL,
  `code` varchar(255) COLLATE utf8mb4_unicode_ci NOT NULL,
  `nombre` varchar(255) COLLATE utf8mb4_unicode_ci NOT NULL
) ENGINE=InnoDB DEFAULT CHARSET=utf8mb4 COLLATE=utf8mb4_unicode_ci;

-- --------------------------------------------------------

--
-- Estructura de tabla para la tabla `reset_password_request`
--

CREATE TABLE `reset_password_request` (
  `id` int(11) NOT NULL
) ENGINE=InnoDB DEFAULT CHARSET=utf8mb4 COLLATE=utf8mb4_unicode_ci;

-- --------------------------------------------------------

--
-- Estructura de tabla para la tabla `stripe_factura`
--

CREATE TABLE `stripe_factura` (
  `id` int(11) NOT NULL,
  `auth` varchar(255) COLLATE utf8mb4_unicode_ci NOT NULL,
  `estatus` varchar(255) COLLATE utf8mb4_unicode_ci NOT NULL,
  `cliente_id` varchar(255) COLLATE utf8mb4_unicode_ci NOT NULL,
  `id_empleado` varchar(255) COLLATE utf8mb4_unicode_ci NOT NULL,
  `monto` varchar(255) COLLATE utf8mb4_unicode_ci NOT NULL,
  `fecha` datetime NOT NULL
) ENGINE=InnoDB DEFAULT CHARSET=utf8mb4 COLLATE=utf8mb4_unicode_ci;

-- --------------------------------------------------------

--
-- Estructura de tabla para la tabla `subcuenta`
--

CREATE TABLE `subcuenta` (
  `id` int(11) NOT NULL,
  `id_cuenta_id` int(11) NOT NULL,
  `nro_subcuenta` varchar(255) COLLATE utf8mb4_unicode_ci NOT NULL,
  `descripcion` varchar(255) COLLATE utf8mb4_unicode_ci NOT NULL,
  `deudora` tinyint(1) NOT NULL,
  `activo` tinyint(1) NOT NULL,
  `elemento_gasto` tinyint(1) NOT NULL
) ENGINE=InnoDB DEFAULT CHARSET=utf8mb4 COLLATE=utf8mb4_unicode_ci;

--
-- Volcado de datos para la tabla `subcuenta`
--

INSERT INTO `subcuenta` (`id`, `id_cuenta_id`, `nro_subcuenta`, `descripcion`, `deudora`, `activo`, `elemento_gasto`) VALUES
(1, 1, '0001', 'Efectivo', 1, 1, 0),
(2, 13, '00001', 'En Almacen', 1, 1, 0),
(3, 13, '0002', 'En Uso', 1, 1, 0),
(4, 14, '0020', 'Produccion', 1, 1, 0),
(5, 14, '0030', 'Ventas', 0, 1, 0),
(6, 14, '0040', 'Otros Aumentos', 1, 1, 0),
(7, 14, '0050', 'Otras Disminuciones', 0, 1, 0),
(8, 24, '01', 'Saldo de Inico', 1, 1, 0),
(9, 24, '0010', 'Construccion y Montaje', 1, 1, 0),
(10, 24, '00020', 'Equipos', 1, 1, 0),
(11, 24, '00030', 'Otros Gastos', 1, 1, 0),
(12, 24, '0999', 'Traspaso a Activos Fijos', 0, 1, 0),
(13, 25, '0100', 'Compras del Periodo', 1, 1, 0),
(14, 25, '0300', 'Adquisicion del Periodo por Donaciones', 1, 1, 0),
(15, 25, '0999', 'Traspaso a Activos Fijos Tangibles', 0, 1, 0),
(16, 2, '001', 'fkldjskfljdslkf', 1, 0, 0),
(17, 9, '0001', 'Impuesto sobre las ventas', 1, 1, 0),
(18, 9, '0002', 'Aranceles de Aduana', 1, 1, 0),
(19, 9, '0004', 'Impuesto sobre Utilidades', 1, 1, 0),
(20, 26, '0100', 'Compras del Periodo', 1, 1, 0),
(21, 26, '0999', 'Traspaso a activos fijos intangibles', 0, 1, 0),
(22, 27, '0010', 'Saldo al Incio', 1, 1, 0),
(23, 27, '0020', 'Gastos por Elementos del Periodo', 1, 1, 1),
(24, 27, '0030', 'Amortizacion de Gastos', 0, 1, 0),
(25, 28, '0010', 'Saldo al Inicio', 1, 1, 0),
(26, 28, '0020', 'Gastos del Periodo', 1, 1, 0),
(27, 28, '0030', 'Amortizacion de Gastos', 0, 1, 0),
(28, 29, '0010', 'Perdidas por Deterioros', 1, 1, 0),
(29, 29, '0020', 'Perdidas de Cuentas por Cobrar', 1, 1, 0),
(30, 30, '0010', 'Medios Monetarios', 1, 1, 0),
(31, 30, '0020', 'Medios  Materiales', 1, 1, 0),
(32, 31, '0010', 'Ventas a Entidades', 1, 1, 0),
(33, 31, '0020', 'Ventas a Trabajadores', 1, 1, 0),
(34, 41, '0001', 'Impuesto sobre Ventas', 0, 1, 0),
(35, 41, '0003', 'Aranceles de Aduana', 0, 1, 0),
(36, 41, '0004', 'Impuesto sobre Utilidades', 0, 1, 0),
(37, 41, '0005', 'Impuesto sobre ingresos personales', 0, 1, 0),
(38, 54, '0010', 'Activos Fijos Tangibles', 0, 1, 0),
(39, 54, '0020', 'Activos Fijos Intangibles', 0, 1, 0),
(40, 54, '0030', 'Recursos Monetarios', 0, 1, 0),
(41, 54, '0040', 'Recursos Materiales-Inventarios', 0, 1, 0),
(42, 47, '0010', 'Prestamos Recibidos de Entidades', 0, 1, 0),
(43, 47, '0020', 'Prestamos Recibidos de Bancos', 0, 1, 0),
(44, 61, '0010', 'Transferencias Recibidas de Unidades', 1, 1, 0),
(45, 61, '0020', 'Transferencias entre Almacenes', 1, 1, 0),
(46, 61, '0099', 'Operaciones de Ajustes en Inventarios', 1, 1, 0),
(47, 62, '0010', 'Transferencias entre Unidades', 0, 1, 0),
(48, 62, '0020', 'Transferencias de Inventarios entre almacenes', 0, 1, 0),
(49, 62, '0099', 'Operaciones de Ajustes de Inventarios', 0, 1, 0),
(50, 63, '0010', 'Saldo Inicio', 1, 1, 0),
(51, 63, '0020', 'Gastos del Periodo', 1, 1, 1),
(52, 63, '0030', 'Aumentos', 1, 1, 0),
(53, 63, '0040', 'Disminuciones', 0, 1, 0),
(54, 63, '0050', 'Traspaso a Produccion Terminada', 0, 1, 0),
(55, 64, '0010', 'Con Terceros', 1, 1, 0),
(56, 64, '0020', 'Con Medios Propios', 1, 1, 1),
(57, 65, '0010', 'Produccion', 1, 1, 0),
(58, 65, '0020', 'Mercancias', 1, 1, 0),
(59, 15, '0010', 'Recargas', 1, 1, 0),
(60, 15, '0020', 'Productos de Aseo y Perfumeria', 1, 1, 0),
(61, 15, '0030', 'Productos Alimenticios', 1, 1, 0),
(62, 15, '0040', 'Otros Productos', 1, 1, 0),
(63, 36, '0010', 'Proveedores Principales', 0, 1, 0),
(64, 36, '0020', 'Otros Proveedores', 0, 1, 0);

-- --------------------------------------------------------

--
-- Estructura de tabla para la tabla `subcuenta_criterio_analisis`
--

CREATE TABLE `subcuenta_criterio_analisis` (
  `id` int(11) NOT NULL,
  `id_subcuenta_id` int(11) NOT NULL,
  `id_criterio_analisis_id` int(11) NOT NULL
) ENGINE=InnoDB DEFAULT CHARSET=utf8mb4 COLLATE=utf8mb4_unicode_ci;

--
-- Volcado de datos para la tabla `subcuenta_criterio_analisis`
--

INSERT INTO `subcuenta_criterio_analisis` (`id`, `id_subcuenta_id`, `id_criterio_analisis_id`) VALUES
(1, 16, 2),
(2, 16, 3),
(3, 16, 4),
(4, 16, 5),
(5, 22, 11),
(7, 24, 11),
(8, 27, 11),
(9, 25, 11),
(10, 26, 11),
(11, 28, 11),
(12, 29, 11),
(13, 30, 11),
(14, 31, 11),
(15, 32, 6),
(16, 33, 8),
(17, 23, 11),
(24, 42, 6),
(25, 43, 14),
(26, 44, 2),
(27, 45, 1),
(28, 46, 1),
(29, 47, 2),
(30, 48, 1),
(31, 49, 1),
(36, 50, 10),
(37, 51, 10),
(38, 52, 11),
(39, 53, 11),
(40, 54, 10),
(41, 55, 4),
(42, 55, 6),
(43, 56, 4),
(44, 59, 1),
(45, 60, 1),
(46, 61, 1),
(47, 62, 1),
(50, 63, 6),
(51, 64, 6);

-- --------------------------------------------------------

--
-- Estructura de tabla para la tabla `tasa_cambio`
--

CREATE TABLE `tasa_cambio` (
  `id` int(11) NOT NULL,
  `id_moneda_origen_id` int(11) NOT NULL,
  `id_moneda_destino_id` int(11) NOT NULL,
  `anno` int(11) NOT NULL,
  `mes` int(11) NOT NULL,
  `valor` double NOT NULL,
  `activo` tinyint(1) NOT NULL
) ENGINE=InnoDB DEFAULT CHARSET=utf8mb4 COLLATE=utf8mb4_unicode_ci;

-- --------------------------------------------------------

--
-- Estructura de tabla para la tabla `test_crud`
--

CREATE TABLE `test_crud` (
  `id` int(11) NOT NULL
) ENGINE=InnoDB DEFAULT CHARSET=utf8mb4 COLLATE=utf8mb4_unicode_ci;

-- --------------------------------------------------------

--
-- Estructura de tabla para la tabla `tipo_cuenta`
--

CREATE TABLE `tipo_cuenta` (
  `id` int(11) NOT NULL,
  `nombre` varchar(255) COLLATE utf8mb4_unicode_ci NOT NULL,
  `activo` tinyint(1) NOT NULL
) ENGINE=InnoDB DEFAULT CHARSET=utf8mb4 COLLATE=utf8mb4_unicode_ci;

--
-- Volcado de datos para la tabla `tipo_cuenta`
--

INSERT INTO `tipo_cuenta` (`id`, `nombre`, `activo`) VALUES
(1, 'Activos Circulantes', 1),
(2, 'Activos a Largo Plazo', 1),
(3, 'Activos Fijos', 1),
(4, 'Activos Diferidos', 1),
(5, 'Otros Activos', 1),
(6, 'Cuentas Reguladoras de Activos', 1),
(7, 'Pasivos Circulantes', 1),
(8, 'Pasivos a Largo Plazo', 1),
(9, 'Pasivos Diferidos', 1),
(10, 'Otros Pasivos', 1),
(11, 'Capital Contable', 1),
(12, 'Gastos de Produccion', 1),
(13, 'Cuentas Nominales Deudoras', 1),
(14, 'Cuentas Nominales Acreedoras', 1),
(15, 'Cuenta de Resultado', 1);

-- --------------------------------------------------------

--
-- Estructura de tabla para la tabla `tipo_documento`
--

CREATE TABLE `tipo_documento` (
  `id` int(11) NOT NULL,
  `nombre` varchar(255) COLLATE utf8mb4_unicode_ci NOT NULL,
  `activo` tinyint(1) NOT NULL
) ENGINE=InnoDB DEFAULT CHARSET=utf8mb4 COLLATE=utf8mb4_unicode_ci;

--
-- Volcado de datos para la tabla `tipo_documento`
--

INSERT INTO `tipo_documento` (`id`, `nombre`, `activo`) VALUES
(1, 'INFORME DE RECECIÓN MERCANCIA', 1),
(2, 'INFORME DE RECECIÓN PRODUCTO', 1),
(3, 'AJUSTE DE ENTRADA', 1),
(4, 'AJUSTE DE SALIDA', 1),
(5, 'TRANSFERENCIA DE ENTRADA', 1),
(6, 'TRANSFERENCIA DE SALIDA', 1),
(7, 'VALE DE SALIDA', 1),
(8, 'DEVOLUCION', 1);

-- --------------------------------------------------------

--
-- Estructura de tabla para la tabla `tipo_documento_activo_fijo`
--

CREATE TABLE `tipo_documento_activo_fijo` (
  `id` int(11) NOT NULL,
  `descripcion` varchar(255) COLLATE utf8mb4_unicode_ci NOT NULL,
  `activo` tinyint(1) NOT NULL
) ENGINE=InnoDB DEFAULT CHARSET=utf8mb4 COLLATE=utf8mb4_unicode_ci;

-- --------------------------------------------------------

--
-- Estructura de tabla para la tabla `tipo_movimiento`
--

CREATE TABLE `tipo_movimiento` (
  `id` int(11) NOT NULL,
  `descripcion` varchar(255) COLLATE utf8mb4_unicode_ci NOT NULL,
  `activo` tinyint(1) NOT NULL
) ENGINE=InnoDB DEFAULT CHARSET=utf8mb4 COLLATE=utf8mb4_unicode_ci;

-- --------------------------------------------------------

--
-- Estructura de tabla para la tabla `transferencia`
--

CREATE TABLE `transferencia` (
  `id` int(11) NOT NULL,
  `id_documento_id` int(11) NOT NULL,
  `id_unidad_id` int(11) DEFAULT NULL,
  `id_almacen_id` int(11) DEFAULT NULL,
  `nro_cuenta_inventario` varchar(255) COLLATE utf8mb4_unicode_ci NOT NULL,
  `nro_subcuenta_inventario` varchar(255) COLLATE utf8mb4_unicode_ci NOT NULL,
  `nro_cuenta_acreedora` varchar(255) COLLATE utf8mb4_unicode_ci NOT NULL,
  `nro_concecutivo` varchar(255) COLLATE utf8mb4_unicode_ci NOT NULL,
  `anno` int(11) NOT NULL,
  `activo` tinyint(1) NOT NULL,
  `entrada` tinyint(1) NOT NULL,
  `nro_subcuenta_acreedora` varchar(255) COLLATE utf8mb4_unicode_ci NOT NULL
) ENGINE=InnoDB DEFAULT CHARSET=utf8mb4 COLLATE=utf8mb4_unicode_ci;

-- --------------------------------------------------------

--
-- Estructura de tabla para la tabla `unidad`
--

CREATE TABLE `unidad` (
  `id` int(11) NOT NULL,
  `id_padre_id` int(11) DEFAULT NULL,
  `nombre` varchar(255) COLLATE utf8mb4_unicode_ci NOT NULL,
  `activo` tinyint(1) NOT NULL
) ENGINE=InnoDB DEFAULT CHARSET=utf8mb4 COLLATE=utf8mb4_unicode_ci;

--
-- Volcado de datos para la tabla `unidad`
--

INSERT INTO `unidad` (`id`, `id_padre_id`, `nombre`, `activo`) VALUES
(1, NULL, 'Grupo Horizontes Admin', 1);

-- --------------------------------------------------------

--
-- Estructura de tabla para la tabla `unidad_medida`
--

CREATE TABLE `unidad_medida` (
  `id` int(11) NOT NULL,
  `nombre` varchar(255) COLLATE utf8mb4_unicode_ci NOT NULL,
  `activo` tinyint(1) NOT NULL,
  `abreviatura` varchar(255) COLLATE utf8mb4_unicode_ci NOT NULL
) ENGINE=InnoDB DEFAULT CHARSET=utf8mb4 COLLATE=utf8mb4_unicode_ci;

--
-- Volcado de datos para la tabla `unidad_medida`
--

INSERT INTO `unidad_medida` (`id`, `nombre`, `activo`, `abreviatura`) VALUES
(1, 'Centímetro', 1, 'cm'),
(2, 'Metro', 1, 'm'),
(3, 'Milímetro', 1, 'mm'),
(4, 'Kilómetro', 1, 'km'),
(5, 'Gramo', 1, 'g'),
(6, 'Miligramo', 1, 'mg'),
(7, 'Libra', 1, 'lb'),
(8, 'Kilogramo', 1, 'kg'),
(9, 'Mililitro', 1, 'ml'),
(10, 'Litro', 1, 'l'),
(11, 'Metro cuadrado', 1, 'm²'),
(12, 'Metro cúbico', 1, 'm³'),
(13, 'Unidad', 1, 'u');

-- --------------------------------------------------------

--
-- Estructura de tabla para la tabla `user`
--

CREATE TABLE `user` (
  `id` int(11) NOT NULL,
  `username` varchar(180) COLLATE utf8mb4_unicode_ci NOT NULL,
  `roles` longtext COLLATE utf8mb4_unicode_ci NOT NULL COMMENT '(DC2Type:json)',
  `status` tinyint(1) NOT NULL,
  `password` varchar(255) COLLATE utf8mb4_unicode_ci NOT NULL
) ENGINE=InnoDB DEFAULT CHARSET=utf8mb4 COLLATE=utf8mb4_unicode_ci;

--
-- Volcado de datos para la tabla `user`
--

INSERT INTO `user` (`id`, `username`, `roles`, `status`, `password`) VALUES
(1, 'root', '[\"ROLE_ADMIN\"]', 1, '$argon2id$v=19$m=65536,t=4,p=1$Z1dpQjlQeG1LLnB2SVpZbA$OPsXOk93GwXrcXJsCH5ARKvyWoGVJX5aZLfCoUSjMm0');

-- --------------------------------------------------------

--
-- Estructura de tabla para la tabla `vale_salida`
--

CREATE TABLE `vale_salida` (
  `id` int(11) NOT NULL,
  `id_documento_id` int(11) NOT NULL,
  `activo` tinyint(1) NOT NULL,
  `nro_consecutivo` varchar(255) COLLATE utf8mb4_unicode_ci NOT NULL,
  `anno` int(11) NOT NULL,
  `fecha_solicitud` date NOT NULL,
  `nro_solicitud` varchar(255) COLLATE utf8mb4_unicode_ci NOT NULL,
  `nro_cuenta_deudora` varchar(255) COLLATE utf8mb4_unicode_ci NOT NULL,
  `nro_subcuenta_deudora` varchar(255) COLLATE utf8mb4_unicode_ci NOT NULL,
  `producto` tinyint(1) NOT NULL
) ENGINE=InnoDB DEFAULT CHARSET=utf8mb4 COLLATE=utf8mb4_unicode_ci;

--
-- Volcado de datos para la tabla `vale_salida`
--

INSERT INTO `vale_salida` (`id`, `id_documento_id`, `activo`, `nro_consecutivo`, `anno`, `fecha_solicitud`, `nro_solicitud`, `nro_cuenta_deudora`, `nro_subcuenta_deudora`, `producto`) VALUES
(1, 9, 1, '1', 2011, '2011-03-01', '001', '823-Gastos de Administracion', '000', 0);

--
-- Índices para tablas volcadas
--

--
-- Indices de la tabla `activo_fijo`
--
ALTER TABLE `activo_fijo`
  ADD PRIMARY KEY (`id`),
  ADD KEY `IDX_75EBC93E1D34FA6B` (`id_unidad_id`),
  ADD KEY `IDX_75EBC93E4A667A2B` (`id_grupo_activo_id`),
  ADD KEY `IDX_75EBC93EE8F12801` (`id_proveedor_id`),
  ADD KEY `IDX_75EBC93EA1BE243F` (`id_tipo_documento_activo_id`),
  ADD KEY `IDX_75EBC93EEB3145A8` (`id_cuenta_deprecia_id`),
  ADD KEY `IDX_75EBC93EF66372E9` (`id_elemento_gasto_id`);

--
-- Indices de la tabla `activo_fijo_movimiento_activo_fijo`
--
ALTER TABLE `activo_fijo_movimiento_activo_fijo`
  ADD PRIMARY KEY (`id`),
  ADD KEY `IDX_2FA61FF25832E72E` (`id_activo_fijo_id`),
  ADD KEY `IDX_2FA61FF27786CA71` (`id_movimiento_activo_fijo_id`);

--
-- Indices de la tabla `ajuste`
--
ALTER TABLE `ajuste`
  ADD PRIMARY KEY (`id`),
  ADD KEY `IDX_DD35BD326601BA07` (`id_documento_id`);

--
-- Indices de la tabla `almacen`
--
ALTER TABLE `almacen`
  ADD PRIMARY KEY (`id`),
  ADD KEY `IDX_D5B2D2501D34FA6B` (`id_unidad_id`);

--
-- Indices de la tabla `almacen_ocupado`
--
ALTER TABLE `almacen_ocupado`
  ADD PRIMARY KEY (`id`),
  ADD KEY `IDX_AA53605839161EBF` (`id_almacen_id`),
  ADD KEY `IDX_AA5360587EB2C349` (`id_usuario_id`);

--
-- Indices de la tabla `cargo`
--
ALTER TABLE `cargo`
  ADD PRIMARY KEY (`id`);

--
-- Indices de la tabla `carrito`
--
ALTER TABLE `carrito`
  ADD PRIMARY KEY (`id`);

--
-- Indices de la tabla `centro_costo`
--
ALTER TABLE `centro_costo`
  ADD PRIMARY KEY (`id`),
  ADD KEY `IDX_749608CE1D34FA6B` (`id_unidad_id`);

--
-- Indices de la tabla `cierre_diario`
--
ALTER TABLE `cierre_diario`
  ADD PRIMARY KEY (`id`),
  ADD KEY `IDX_F3D0CD8939161EBF` (`id_almacen_id`),
  ADD KEY `IDX_F3D0CD897EB2C349` (`id_usuario_id`);

--
-- Indices de la tabla `cliente`
--
ALTER TABLE `cliente`
  ADD PRIMARY KEY (`id`);

--
-- Indices de la tabla `cliente_beneficiario`
--
ALTER TABLE `cliente_beneficiario`
  ADD PRIMARY KEY (`id`);

--
-- Indices de la tabla `cliente_reporte`
--
ALTER TABLE `cliente_reporte`
  ADD PRIMARY KEY (`id`);

--
-- Indices de la tabla `configuracion_inicial`
--
ALTER TABLE `configuracion_inicial`
  ADD PRIMARY KEY (`id`),
  ADD KEY `IDX_8521BE24404AE9D2` (`id_modulo_id`),
  ADD KEY `IDX_8521BE247A4F962` (`id_tipo_documento_id`);

--
-- Indices de la tabla `criterio_analisis`
--
ALTER TABLE `criterio_analisis`
  ADD PRIMARY KEY (`id`);

--
-- Indices de la tabla `cuenta`
--
ALTER TABLE `cuenta`
  ADD PRIMARY KEY (`id`),
  ADD KEY `IDX_31C7BFCF45E7F350` (`id_tipo_cuenta_id`);

--
-- Indices de la tabla `cuenta_criterio_analisis`
--
ALTER TABLE `cuenta_criterio_analisis`
  ADD PRIMARY KEY (`id`),
  ADD KEY `IDX_AF040B091ADA4D3F` (`id_cuenta_id`),
  ADD KEY `IDX_AF040B095ABBE5F6` (`id_criterio_analisis_id`);

--
-- Indices de la tabla `custom_user`
--
ALTER TABLE `custom_user`
  ADD PRIMARY KEY (`id`),
  ADD UNIQUE KEY `UNIQ_8CE51EB479F37AE5` (`id_user_id`);

--
-- Indices de la tabla `depreciacion`
--
ALTER TABLE `depreciacion`
  ADD PRIMARY KEY (`id`),
  ADD KEY `IDX_D618AE145832E72E` (`id_activo_fijo_id`);

--
-- Indices de la tabla `doctrine_migration_versions`
--
ALTER TABLE `doctrine_migration_versions`
  ADD PRIMARY KEY (`version`);

--
-- Indices de la tabla `documento`
--
ALTER TABLE `documento`
  ADD PRIMARY KEY (`id`),
  ADD KEY `IDX_B6B12EC739161EBF` (`id_almacen_id`),
  ADD KEY `IDX_B6B12EC71D34FA6B` (`id_unidad_id`),
  ADD KEY `IDX_B6B12EC7374388F5` (`id_moneda_id`);

--
-- Indices de la tabla `elemento_gasto`
--
ALTER TABLE `elemento_gasto`
  ADD PRIMARY KEY (`id`);

--
-- Indices de la tabla `empleado`
--
ALTER TABLE `empleado`
  ADD PRIMARY KEY (`id`),
  ADD UNIQUE KEY `UNIQ_D9D9BF527EB2C349` (`id_usuario_id`),
  ADD KEY `IDX_D9D9BF521D34FA6B` (`id_unidad_id`),
  ADD KEY `IDX_D9D9BF52D1E12F15` (`id_cargo_id`);

--
-- Indices de la tabla `grupo_activos`
--
ALTER TABLE `grupo_activos`
  ADD PRIMARY KEY (`id`),
  ADD KEY `IDX_50ADD6F61ADA4D3F` (`id_cuenta_id`),
  ADD KEY `IDX_50ADD6F62D412F53` (`id_subcuenta_id`);

--
-- Indices de la tabla `informe_recepcion`
--
ALTER TABLE `informe_recepcion`
  ADD PRIMARY KEY (`id`),
  ADD KEY `IDX_62A4EBD6601BA07` (`id_documento_id`),
  ADD KEY `IDX_62A4EBDE8F12801` (`id_proveedor_id`);

--
-- Indices de la tabla `instrumento_cobro`
--
ALTER TABLE `instrumento_cobro`
  ADD PRIMARY KEY (`id`);

--
-- Indices de la tabla `mercancia`
--
ALTER TABLE `mercancia`
  ADD PRIMARY KEY (`id`),
  ADD KEY `IDX_9D094AE0E2C70A62` (`id_amlacen_id`),
  ADD KEY `IDX_9D094AE0E16A5625` (`id_unidad_medida_id`);

--
-- Indices de la tabla `mercancia_producto`
--
ALTER TABLE `mercancia_producto`
  ADD PRIMARY KEY (`id`),
  ADD KEY `IDX_3F705CF59F287F54` (`id_mercancia_id`),
  ADD KEY `IDX_3F705CF56E57A479` (`id_producto_id`);

--
-- Indices de la tabla `modulo`
--
ALTER TABLE `modulo`
  ADD PRIMARY KEY (`id`);

--
-- Indices de la tabla `moneda`
--
ALTER TABLE `moneda`
  ADD PRIMARY KEY (`id`);

--
-- Indices de la tabla `movimiento`
--
ALTER TABLE `movimiento`
  ADD PRIMARY KEY (`id`),
  ADD KEY `IDX_C8FF107AD1CE493D` (`id_tipo_documento_activo_fijo_id`),
  ADD KEY `IDX_C8FF107ADB763453` (`id_tipo_movimiento_id`),
  ADD KEY `IDX_C8FF107A873C7FC7` (`id_unidad_origen_id`),
  ADD KEY `IDX_C8FF107A4F781EA` (`id_unidad_destino_id`);

--
-- Indices de la tabla `movimiento_mercancia`
--
ALTER TABLE `movimiento_mercancia`
  ADD PRIMARY KEY (`id`),
  ADD KEY `IDX_44876BD79F287F54` (`id_mercancia_id`),
  ADD KEY `IDX_44876BD76601BA07` (`id_documento_id`),
  ADD KEY `IDX_44876BD77A4F962` (`id_tipo_documento_id`),
  ADD KEY `IDX_44876BD77EB2C349` (`id_usuario_id`),
  ADD KEY `IDX_44876BD7C59B01FF` (`id_centro_costo_id`),
  ADD KEY `IDX_44876BD7F66372E9` (`id_elemento_gasto_id`);

--
-- Indices de la tabla `movimiento_producto`
--
ALTER TABLE `movimiento_producto`
  ADD PRIMARY KEY (`id`),
  ADD KEY `IDX_FFC0EDFC6E57A479` (`id_producto_id`),
  ADD KEY `IDX_FFC0EDFC6601BA07` (`id_documento_id`),
  ADD KEY `IDX_FFC0EDFC7A4F962` (`id_tipo_documento_id`),
  ADD KEY `IDX_FFC0EDFC7EB2C349` (`id_usuario_id`),
  ADD KEY `IDX_FFC0EDFCC59B01FF` (`id_centro_costo_id`),
  ADD KEY `IDX_FFC0EDFCF66372E9` (`id_elemento_gasto_id`);

--
-- Indices de la tabla `municipios`
--
ALTER TABLE `municipios`
  ADD PRIMARY KEY (`id`);

--
-- Indices de la tabla `obligacion_pago`
--
ALTER TABLE `obligacion_pago`
  ADD PRIMARY KEY (`id`),
  ADD KEY `IDX_403C9B3BE8F12801` (`id_proveedor_id`),
  ADD KEY `IDX_403C9B3B6601BA07` (`id_documento_id`),
  ADD KEY `IDX_403C9B3B1D34FA6B` (`id_unidad_id`);

--
-- Indices de la tabla `producto`
--
ALTER TABLE `producto`
  ADD PRIMARY KEY (`id`),
  ADD KEY `IDX_A7BB0615E2C70A62` (`id_amlacen_id`),
  ADD KEY `IDX_A7BB0615E16A5625` (`id_unidad_medida_id`);

--
-- Indices de la tabla `proveedor`
--
ALTER TABLE `proveedor`
  ADD PRIMARY KEY (`id`);

--
-- Indices de la tabla `provincias`
--
ALTER TABLE `provincias`
  ADD PRIMARY KEY (`id`);

--
-- Indices de la tabla `reset_password_request`
--
ALTER TABLE `reset_password_request`
  ADD PRIMARY KEY (`id`);

--
-- Indices de la tabla `stripe_factura`
--
ALTER TABLE `stripe_factura`
  ADD PRIMARY KEY (`id`);

--
-- Indices de la tabla `subcuenta`
--
ALTER TABLE `subcuenta`
  ADD PRIMARY KEY (`id`),
  ADD KEY `IDX_57BB37EA1ADA4D3F` (`id_cuenta_id`);

--
-- Indices de la tabla `subcuenta_criterio_analisis`
--
ALTER TABLE `subcuenta_criterio_analisis`
  ADD PRIMARY KEY (`id`),
  ADD KEY `IDX_52A4A7682D412F53` (`id_subcuenta_id`),
  ADD KEY `IDX_52A4A7685ABBE5F6` (`id_criterio_analisis_id`);

--
-- Indices de la tabla `tasa_cambio`
--
ALTER TABLE `tasa_cambio`
  ADD PRIMARY KEY (`id`),
  ADD KEY `IDX_DAB48606FA5CADE9` (`id_moneda_origen_id`),
  ADD KEY `IDX_DAB48606D85CECF7` (`id_moneda_destino_id`);

--
-- Indices de la tabla `test_crud`
--
ALTER TABLE `test_crud`
  ADD PRIMARY KEY (`id`);

--
-- Indices de la tabla `tipo_cuenta`
--
ALTER TABLE `tipo_cuenta`
  ADD PRIMARY KEY (`id`);

--
-- Indices de la tabla `tipo_documento`
--
ALTER TABLE `tipo_documento`
  ADD PRIMARY KEY (`id`);

--
-- Indices de la tabla `tipo_documento_activo_fijo`
--
ALTER TABLE `tipo_documento_activo_fijo`
  ADD PRIMARY KEY (`id`);

--
-- Indices de la tabla `tipo_movimiento`
--
ALTER TABLE `tipo_movimiento`
  ADD PRIMARY KEY (`id`);

--
-- Indices de la tabla `transferencia`
--
ALTER TABLE `transferencia`
  ADD PRIMARY KEY (`id`),
  ADD KEY `IDX_EDC227306601BA07` (`id_documento_id`),
  ADD KEY `IDX_EDC227301D34FA6B` (`id_unidad_id`),
  ADD KEY `IDX_EDC2273039161EBF` (`id_almacen_id`);

--
-- Indices de la tabla `unidad`
--
ALTER TABLE `unidad`
  ADD PRIMARY KEY (`id`),
  ADD KEY `IDX_F3E6D02F31E700CD` (`id_padre_id`);

--
-- Indices de la tabla `unidad_medida`
--
ALTER TABLE `unidad_medida`
  ADD PRIMARY KEY (`id`);

--
-- Indices de la tabla `user`
--
ALTER TABLE `user`
  ADD PRIMARY KEY (`id`),
  ADD UNIQUE KEY `UNIQ_8D93D649F85E0677` (`username`);

--
-- Indices de la tabla `vale_salida`
--
ALTER TABLE `vale_salida`
  ADD PRIMARY KEY (`id`),
  ADD UNIQUE KEY `UNIQ_90C265C86601BA07` (`id_documento_id`);

--
-- AUTO_INCREMENT de las tablas volcadas
--

--
-- AUTO_INCREMENT de la tabla `activo_fijo`
--
ALTER TABLE `activo_fijo`
  MODIFY `id` int(11) NOT NULL AUTO_INCREMENT;

--
-- AUTO_INCREMENT de la tabla `activo_fijo_movimiento_activo_fijo`
--
ALTER TABLE `activo_fijo_movimiento_activo_fijo`
  MODIFY `id` int(11) NOT NULL AUTO_INCREMENT;

--
-- AUTO_INCREMENT de la tabla `ajuste`
--
ALTER TABLE `ajuste`
  MODIFY `id` int(11) NOT NULL AUTO_INCREMENT;

--
-- AUTO_INCREMENT de la tabla `almacen`
--
ALTER TABLE `almacen`
  MODIFY `id` int(11) NOT NULL AUTO_INCREMENT, AUTO_INCREMENT=2;

--
-- AUTO_INCREMENT de la tabla `almacen_ocupado`
--
ALTER TABLE `almacen_ocupado`
  MODIFY `id` int(11) NOT NULL AUTO_INCREMENT, AUTO_INCREMENT=17;

--
-- AUTO_INCREMENT de la tabla `cargo`
--
ALTER TABLE `cargo`
  MODIFY `id` int(11) NOT NULL AUTO_INCREMENT, AUTO_INCREMENT=2;

--
-- AUTO_INCREMENT de la tabla `carrito`
--
ALTER TABLE `carrito`
  MODIFY `id` int(11) NOT NULL AUTO_INCREMENT;

--
-- AUTO_INCREMENT de la tabla `centro_costo`
--
ALTER TABLE `centro_costo`
  MODIFY `id` int(11) NOT NULL AUTO_INCREMENT, AUTO_INCREMENT=6;

--
-- AUTO_INCREMENT de la tabla `cierre_diario`
--
ALTER TABLE `cierre_diario`
  MODIFY `id` int(11) NOT NULL AUTO_INCREMENT;

--
-- AUTO_INCREMENT de la tabla `cliente`
--
ALTER TABLE `cliente`
  MODIFY `id` int(11) NOT NULL AUTO_INCREMENT;

--
-- AUTO_INCREMENT de la tabla `cliente_beneficiario`
--
ALTER TABLE `cliente_beneficiario`
  MODIFY `id` int(11) NOT NULL AUTO_INCREMENT;

--
-- AUTO_INCREMENT de la tabla `cliente_reporte`
--
ALTER TABLE `cliente_reporte`
  MODIFY `id` int(11) NOT NULL AUTO_INCREMENT;

--
-- AUTO_INCREMENT de la tabla `configuracion_inicial`
--
ALTER TABLE `configuracion_inicial`
  MODIFY `id` int(11) NOT NULL AUTO_INCREMENT;

--
-- AUTO_INCREMENT de la tabla `criterio_analisis`
--
ALTER TABLE `criterio_analisis`
  MODIFY `id` int(11) NOT NULL AUTO_INCREMENT, AUTO_INCREMENT=18;

--
-- AUTO_INCREMENT de la tabla `cuenta`
--
ALTER TABLE `cuenta`
  MODIFY `id` int(11) NOT NULL AUTO_INCREMENT, AUTO_INCREMENT=82;

--
-- AUTO_INCREMENT de la tabla `cuenta_criterio_analisis`
--
ALTER TABLE `cuenta_criterio_analisis`
  MODIFY `id` int(11) NOT NULL AUTO_INCREMENT, AUTO_INCREMENT=129;

--
-- AUTO_INCREMENT de la tabla `custom_user`
--
ALTER TABLE `custom_user`
  MODIFY `id` int(11) NOT NULL AUTO_INCREMENT;

--
-- AUTO_INCREMENT de la tabla `depreciacion`
--
ALTER TABLE `depreciacion`
  MODIFY `id` int(11) NOT NULL AUTO_INCREMENT;

--
-- AUTO_INCREMENT de la tabla `documento`
--
ALTER TABLE `documento`
  MODIFY `id` int(11) NOT NULL AUTO_INCREMENT, AUTO_INCREMENT=10;

--
-- AUTO_INCREMENT de la tabla `elemento_gasto`
--
ALTER TABLE `elemento_gasto`
  MODIFY `id` int(11) NOT NULL AUTO_INCREMENT, AUTO_INCREMENT=25;

--
-- AUTO_INCREMENT de la tabla `empleado`
--
ALTER TABLE `empleado`
  MODIFY `id` int(11) NOT NULL AUTO_INCREMENT, AUTO_INCREMENT=2;

--
-- AUTO_INCREMENT de la tabla `grupo_activos`
--
ALTER TABLE `grupo_activos`
  MODIFY `id` int(11) NOT NULL AUTO_INCREMENT;

--
-- AUTO_INCREMENT de la tabla `informe_recepcion`
--
ALTER TABLE `informe_recepcion`
  MODIFY `id` int(11) NOT NULL AUTO_INCREMENT, AUTO_INCREMENT=7;

--
-- AUTO_INCREMENT de la tabla `instrumento_cobro`
--
ALTER TABLE `instrumento_cobro`
  MODIFY `id` int(11) NOT NULL AUTO_INCREMENT;

--
-- AUTO_INCREMENT de la tabla `mercancia`
--
ALTER TABLE `mercancia`
  MODIFY `id` int(11) NOT NULL AUTO_INCREMENT, AUTO_INCREMENT=13;

--
-- AUTO_INCREMENT de la tabla `mercancia_producto`
--
ALTER TABLE `mercancia_producto`
  MODIFY `id` int(11) NOT NULL AUTO_INCREMENT;

--
-- AUTO_INCREMENT de la tabla `moneda`
--
ALTER TABLE `moneda`
  MODIFY `id` int(11) NOT NULL AUTO_INCREMENT, AUTO_INCREMENT=3;

--
-- AUTO_INCREMENT de la tabla `movimiento`
--
ALTER TABLE `movimiento`
  MODIFY `id` int(11) NOT NULL AUTO_INCREMENT;

--
-- AUTO_INCREMENT de la tabla `movimiento_mercancia`
--
ALTER TABLE `movimiento_mercancia`
  MODIFY `id` int(11) NOT NULL AUTO_INCREMENT, AUTO_INCREMENT=15;

--
-- AUTO_INCREMENT de la tabla `movimiento_producto`
--
ALTER TABLE `movimiento_producto`
  MODIFY `id` int(11) NOT NULL AUTO_INCREMENT;

--
-- AUTO_INCREMENT de la tabla `municipios`
--
ALTER TABLE `municipios`
  MODIFY `id` int(11) NOT NULL AUTO_INCREMENT;

--
-- AUTO_INCREMENT de la tabla `obligacion_pago`
--
ALTER TABLE `obligacion_pago`
  MODIFY `id` int(11) NOT NULL AUTO_INCREMENT;

--
-- AUTO_INCREMENT de la tabla `producto`
--
ALTER TABLE `producto`
  MODIFY `id` int(11) NOT NULL AUTO_INCREMENT;

--
-- AUTO_INCREMENT de la tabla `proveedor`
--
ALTER TABLE `proveedor`
  MODIFY `id` int(11) NOT NULL AUTO_INCREMENT, AUTO_INCREMENT=4;

--
-- AUTO_INCREMENT de la tabla `provincias`
--
ALTER TABLE `provincias`
  MODIFY `id` int(11) NOT NULL AUTO_INCREMENT;

--
-- AUTO_INCREMENT de la tabla `reset_password_request`
--
ALTER TABLE `reset_password_request`
  MODIFY `id` int(11) NOT NULL AUTO_INCREMENT;

--
-- AUTO_INCREMENT de la tabla `stripe_factura`
--
ALTER TABLE `stripe_factura`
  MODIFY `id` int(11) NOT NULL AUTO_INCREMENT;

--
-- AUTO_INCREMENT de la tabla `subcuenta`
--
ALTER TABLE `subcuenta`
  MODIFY `id` int(11) NOT NULL AUTO_INCREMENT, AUTO_INCREMENT=65;

--
-- AUTO_INCREMENT de la tabla `subcuenta_criterio_analisis`
--
ALTER TABLE `subcuenta_criterio_analisis`
  MODIFY `id` int(11) NOT NULL AUTO_INCREMENT, AUTO_INCREMENT=52;

--
-- AUTO_INCREMENT de la tabla `tasa_cambio`
--
ALTER TABLE `tasa_cambio`
  MODIFY `id` int(11) NOT NULL AUTO_INCREMENT;

--
-- AUTO_INCREMENT de la tabla `test_crud`
--
ALTER TABLE `test_crud`
  MODIFY `id` int(11) NOT NULL AUTO_INCREMENT;

--
-- AUTO_INCREMENT de la tabla `tipo_cuenta`
--
ALTER TABLE `tipo_cuenta`
  MODIFY `id` int(11) NOT NULL AUTO_INCREMENT, AUTO_INCREMENT=16;

--
-- AUTO_INCREMENT de la tabla `tipo_documento_activo_fijo`
--
ALTER TABLE `tipo_documento_activo_fijo`
  MODIFY `id` int(11) NOT NULL AUTO_INCREMENT;

--
-- AUTO_INCREMENT de la tabla `tipo_movimiento`
--
ALTER TABLE `tipo_movimiento`
  MODIFY `id` int(11) NOT NULL AUTO_INCREMENT;

--
-- AUTO_INCREMENT de la tabla `transferencia`
--
ALTER TABLE `transferencia`
  MODIFY `id` int(11) NOT NULL AUTO_INCREMENT;

--
-- AUTO_INCREMENT de la tabla `unidad`
--
ALTER TABLE `unidad`
  MODIFY `id` int(11) NOT NULL AUTO_INCREMENT, AUTO_INCREMENT=2;

--
-- AUTO_INCREMENT de la tabla `user`
--
ALTER TABLE `user`
  MODIFY `id` int(11) NOT NULL AUTO_INCREMENT, AUTO_INCREMENT=2;

--
-- AUTO_INCREMENT de la tabla `vale_salida`
--
ALTER TABLE `vale_salida`
  MODIFY `id` int(11) NOT NULL AUTO_INCREMENT, AUTO_INCREMENT=2;

--
-- Restricciones para tablas volcadas
--

--
-- Filtros para la tabla `activo_fijo`
--
ALTER TABLE `activo_fijo`
  ADD CONSTRAINT `FK_75EBC93E1D34FA6B` FOREIGN KEY (`id_unidad_id`) REFERENCES `unidad` (`id`),
  ADD CONSTRAINT `FK_75EBC93E4A667A2B` FOREIGN KEY (`id_grupo_activo_id`) REFERENCES `grupo_activos` (`id`),
  ADD CONSTRAINT `FK_75EBC93EA1BE243F` FOREIGN KEY (`id_tipo_documento_activo_id`) REFERENCES `tipo_documento_activo_fijo` (`id`),
  ADD CONSTRAINT `FK_75EBC93EE8F12801` FOREIGN KEY (`id_proveedor_id`) REFERENCES `proveedor` (`id`),
  ADD CONSTRAINT `FK_75EBC93EEB3145A8` FOREIGN KEY (`id_cuenta_deprecia_id`) REFERENCES `cuenta` (`id`),
  ADD CONSTRAINT `FK_75EBC93EF66372E9` FOREIGN KEY (`id_elemento_gasto_id`) REFERENCES `elemento_gasto` (`id`);

--
-- Filtros para la tabla `activo_fijo_movimiento_activo_fijo`
--
ALTER TABLE `activo_fijo_movimiento_activo_fijo`
  ADD CONSTRAINT `FK_2FA61FF25832E72E` FOREIGN KEY (`id_activo_fijo_id`) REFERENCES `activo_fijo` (`id`),
  ADD CONSTRAINT `FK_2FA61FF27786CA71` FOREIGN KEY (`id_movimiento_activo_fijo_id`) REFERENCES `movimiento` (`id`);

--
-- Filtros para la tabla `ajuste`
--
ALTER TABLE `ajuste`
  ADD CONSTRAINT `FK_DD35BD326601BA07` FOREIGN KEY (`id_documento_id`) REFERENCES `documento` (`id`);

--
-- Filtros para la tabla `almacen`
--
ALTER TABLE `almacen`
  ADD CONSTRAINT `FK_D5B2D2501D34FA6B` FOREIGN KEY (`id_unidad_id`) REFERENCES `unidad` (`id`);

--
-- Filtros para la tabla `almacen_ocupado`
--
ALTER TABLE `almacen_ocupado`
  ADD CONSTRAINT `FK_AA53605839161EBF` FOREIGN KEY (`id_almacen_id`) REFERENCES `almacen` (`id`),
  ADD CONSTRAINT `FK_AA5360587EB2C349` FOREIGN KEY (`id_usuario_id`) REFERENCES `user` (`id`);

--
-- Filtros para la tabla `centro_costo`
--
ALTER TABLE `centro_costo`
  ADD CONSTRAINT `FK_749608CE1D34FA6B` FOREIGN KEY (`id_unidad_id`) REFERENCES `unidad` (`id`);

--
-- Filtros para la tabla `cierre_diario`
--
ALTER TABLE `cierre_diario`
  ADD CONSTRAINT `FK_F3D0CD8939161EBF` FOREIGN KEY (`id_almacen_id`) REFERENCES `almacen` (`id`),
  ADD CONSTRAINT `FK_F3D0CD897EB2C349` FOREIGN KEY (`id_usuario_id`) REFERENCES `user` (`id`);

--
-- Filtros para la tabla `configuracion_inicial`
--
ALTER TABLE `configuracion_inicial`
  ADD CONSTRAINT `FK_8521BE24404AE9D2` FOREIGN KEY (`id_modulo_id`) REFERENCES `modulo` (`id`),
  ADD CONSTRAINT `FK_8521BE247A4F962` FOREIGN KEY (`id_tipo_documento_id`) REFERENCES `tipo_documento` (`id`);

--
-- Filtros para la tabla `cuenta`
--
ALTER TABLE `cuenta`
  ADD CONSTRAINT `FK_31C7BFCF45E7F350` FOREIGN KEY (`id_tipo_cuenta_id`) REFERENCES `tipo_cuenta` (`id`);

--
-- Filtros para la tabla `cuenta_criterio_analisis`
--
ALTER TABLE `cuenta_criterio_analisis`
  ADD CONSTRAINT `FK_AF040B091ADA4D3F` FOREIGN KEY (`id_cuenta_id`) REFERENCES `cuenta` (`id`),
  ADD CONSTRAINT `FK_AF040B095ABBE5F6` FOREIGN KEY (`id_criterio_analisis_id`) REFERENCES `criterio_analisis` (`id`);

--
-- Filtros para la tabla `custom_user`
--
ALTER TABLE `custom_user`
  ADD CONSTRAINT `FK_8CE51EB479F37AE5` FOREIGN KEY (`id_user_id`) REFERENCES `user` (`id`);

--
-- Filtros para la tabla `depreciacion`
--
ALTER TABLE `depreciacion`
  ADD CONSTRAINT `FK_D618AE145832E72E` FOREIGN KEY (`id_activo_fijo_id`) REFERENCES `activo_fijo` (`id`);

--
-- Filtros para la tabla `documento`
--
ALTER TABLE `documento`
  ADD CONSTRAINT `FK_B6B12EC71D34FA6B` FOREIGN KEY (`id_unidad_id`) REFERENCES `unidad` (`id`),
  ADD CONSTRAINT `FK_B6B12EC7374388F5` FOREIGN KEY (`id_moneda_id`) REFERENCES `moneda` (`id`),
  ADD CONSTRAINT `FK_B6B12EC739161EBF` FOREIGN KEY (`id_almacen_id`) REFERENCES `almacen` (`id`);

--
-- Filtros para la tabla `empleado`
--
ALTER TABLE `empleado`
  ADD CONSTRAINT `FK_D9D9BF521D34FA6B` FOREIGN KEY (`id_unidad_id`) REFERENCES `unidad` (`id`),
  ADD CONSTRAINT `FK_D9D9BF527EB2C349` FOREIGN KEY (`id_usuario_id`) REFERENCES `user` (`id`),
  ADD CONSTRAINT `FK_D9D9BF52D1E12F15` FOREIGN KEY (`id_cargo_id`) REFERENCES `cargo` (`id`);

--
-- Filtros para la tabla `grupo_activos`
--
ALTER TABLE `grupo_activos`
  ADD CONSTRAINT `FK_50ADD6F61ADA4D3F` FOREIGN KEY (`id_cuenta_id`) REFERENCES `cuenta` (`id`),
  ADD CONSTRAINT `FK_50ADD6F62D412F53` FOREIGN KEY (`id_subcuenta_id`) REFERENCES `subcuenta` (`id`);

--
-- Filtros para la tabla `informe_recepcion`
--
ALTER TABLE `informe_recepcion`
  ADD CONSTRAINT `FK_62A4EBD6601BA07` FOREIGN KEY (`id_documento_id`) REFERENCES `documento` (`id`),
  ADD CONSTRAINT `FK_62A4EBDE8F12801` FOREIGN KEY (`id_proveedor_id`) REFERENCES `proveedor` (`id`);

--
-- Filtros para la tabla `mercancia`
--
ALTER TABLE `mercancia`
  ADD CONSTRAINT `FK_9D094AE0E16A5625` FOREIGN KEY (`id_unidad_medida_id`) REFERENCES `unidad_medida` (`id`),
  ADD CONSTRAINT `FK_9D094AE0E2C70A62` FOREIGN KEY (`id_amlacen_id`) REFERENCES `almacen` (`id`);

--
-- Filtros para la tabla `mercancia_producto`
--
ALTER TABLE `mercancia_producto`
  ADD CONSTRAINT `FK_3F705CF56E57A479` FOREIGN KEY (`id_producto_id`) REFERENCES `producto` (`id`),
  ADD CONSTRAINT `FK_3F705CF59F287F54` FOREIGN KEY (`id_mercancia_id`) REFERENCES `mercancia` (`id`);

--
-- Filtros para la tabla `movimiento`
--
ALTER TABLE `movimiento`
  ADD CONSTRAINT `FK_C8FF107A4F781EA` FOREIGN KEY (`id_unidad_destino_id`) REFERENCES `unidad` (`id`),
  ADD CONSTRAINT `FK_C8FF107A873C7FC7` FOREIGN KEY (`id_unidad_origen_id`) REFERENCES `unidad` (`id`),
  ADD CONSTRAINT `FK_C8FF107AD1CE493D` FOREIGN KEY (`id_tipo_documento_activo_fijo_id`) REFERENCES `tipo_documento_activo_fijo` (`id`),
  ADD CONSTRAINT `FK_C8FF107ADB763453` FOREIGN KEY (`id_tipo_movimiento_id`) REFERENCES `tipo_movimiento` (`id`);

--
-- Filtros para la tabla `movimiento_mercancia`
--
ALTER TABLE `movimiento_mercancia`
  ADD CONSTRAINT `FK_44876BD76601BA07` FOREIGN KEY (`id_documento_id`) REFERENCES `documento` (`id`),
  ADD CONSTRAINT `FK_44876BD77A4F962` FOREIGN KEY (`id_tipo_documento_id`) REFERENCES `tipo_documento` (`id`),
  ADD CONSTRAINT `FK_44876BD77EB2C349` FOREIGN KEY (`id_usuario_id`) REFERENCES `user` (`id`),
  ADD CONSTRAINT `FK_44876BD79F287F54` FOREIGN KEY (`id_mercancia_id`) REFERENCES `mercancia` (`id`),
  ADD CONSTRAINT `FK_44876BD7C59B01FF` FOREIGN KEY (`id_centro_costo_id`) REFERENCES `centro_costo` (`id`),
  ADD CONSTRAINT `FK_44876BD7F66372E9` FOREIGN KEY (`id_elemento_gasto_id`) REFERENCES `elemento_gasto` (`id`);

--
-- Filtros para la tabla `movimiento_producto`
--
ALTER TABLE `movimiento_producto`
  ADD CONSTRAINT `FK_FFC0EDFC6601BA07` FOREIGN KEY (`id_documento_id`) REFERENCES `documento` (`id`),
  ADD CONSTRAINT `FK_FFC0EDFC6E57A479` FOREIGN KEY (`id_producto_id`) REFERENCES `producto` (`id`),
  ADD CONSTRAINT `FK_FFC0EDFC7A4F962` FOREIGN KEY (`id_tipo_documento_id`) REFERENCES `tipo_documento` (`id`),
  ADD CONSTRAINT `FK_FFC0EDFC7EB2C349` FOREIGN KEY (`id_usuario_id`) REFERENCES `user` (`id`),
  ADD CONSTRAINT `FK_FFC0EDFCC59B01FF` FOREIGN KEY (`id_centro_costo_id`) REFERENCES `centro_costo` (`id`),
  ADD CONSTRAINT `FK_FFC0EDFCF66372E9` FOREIGN KEY (`id_elemento_gasto_id`) REFERENCES `elemento_gasto` (`id`);

--
-- Filtros para la tabla `obligacion_pago`
--
ALTER TABLE `obligacion_pago`
  ADD CONSTRAINT `FK_403C9B3B1D34FA6B` FOREIGN KEY (`id_unidad_id`) REFERENCES `unidad` (`id`),
  ADD CONSTRAINT `FK_403C9B3B6601BA07` FOREIGN KEY (`id_documento_id`) REFERENCES `documento` (`id`),
  ADD CONSTRAINT `FK_403C9B3BE8F12801` FOREIGN KEY (`id_proveedor_id`) REFERENCES `proveedor` (`id`);

--
-- Filtros para la tabla `producto`
--
ALTER TABLE `producto`
  ADD CONSTRAINT `FK_A7BB0615E16A5625` FOREIGN KEY (`id_unidad_medida_id`) REFERENCES `unidad_medida` (`id`),
  ADD CONSTRAINT `FK_A7BB0615E2C70A62` FOREIGN KEY (`id_amlacen_id`) REFERENCES `almacen` (`id`);

--
-- Filtros para la tabla `subcuenta`
--
ALTER TABLE `subcuenta`
  ADD CONSTRAINT `FK_57BB37EA1ADA4D3F` FOREIGN KEY (`id_cuenta_id`) REFERENCES `cuenta` (`id`);

--
-- Filtros para la tabla `subcuenta_criterio_analisis`
--
ALTER TABLE `subcuenta_criterio_analisis`
  ADD CONSTRAINT `FK_52A4A7682D412F53` FOREIGN KEY (`id_subcuenta_id`) REFERENCES `subcuenta` (`id`),
  ADD CONSTRAINT `FK_52A4A7685ABBE5F6` FOREIGN KEY (`id_criterio_analisis_id`) REFERENCES `criterio_analisis` (`id`);

--
-- Filtros para la tabla `tasa_cambio`
--
ALTER TABLE `tasa_cambio`
  ADD CONSTRAINT `FK_DAB48606D85CECF7` FOREIGN KEY (`id_moneda_destino_id`) REFERENCES `moneda` (`id`),
  ADD CONSTRAINT `FK_DAB48606FA5CADE9` FOREIGN KEY (`id_moneda_origen_id`) REFERENCES `moneda` (`id`);

--
-- Filtros para la tabla `transferencia`
--
ALTER TABLE `transferencia`
  ADD CONSTRAINT `FK_EDC227301D34FA6B` FOREIGN KEY (`id_unidad_id`) REFERENCES `unidad` (`id`),
  ADD CONSTRAINT `FK_EDC2273039161EBF` FOREIGN KEY (`id_almacen_id`) REFERENCES `almacen` (`id`),
  ADD CONSTRAINT `FK_EDC227306601BA07` FOREIGN KEY (`id_documento_id`) REFERENCES `documento` (`id`);

--
-- Filtros para la tabla `unidad`
--
ALTER TABLE `unidad`
  ADD CONSTRAINT `FK_F3E6D02F31E700CD` FOREIGN KEY (`id_padre_id`) REFERENCES `unidad` (`id`);

--
-- Filtros para la tabla `vale_salida`
--
ALTER TABLE `vale_salida`
  ADD CONSTRAINT `FK_90C265C86601BA07` FOREIGN KEY (`id_documento_id`) REFERENCES `documento` (`id`);
COMMIT;

/*!40101 SET CHARACTER_SET_CLIENT=@OLD_CHARACTER_SET_CLIENT */;
/*!40101 SET CHARACTER_SET_RESULTS=@OLD_CHARACTER_SET_RESULTS */;
/*!40101 SET COLLATION_CONNECTION=@OLD_COLLATION_CONNECTION */;
